"platform","setup_id","sensor_state","condition","source_file","count","mean_re_gamma","mean_im_gamma","sigma_re_gamma_sample","sigma_im_gamma_sample","complex_noise_rms","magnitude_noise_rms","phase_noise_rms_deg","comparable_setup_verified"
"NanoVNA","","","fixed_24660000_hz","C:\Users\bud\Orthsens\sdsi_reader\measurements\repeat_246_20260915_115728\bw4000\raw.csv","1500","1.437100779584","-1.39462851246933","0.000276855718116933","0.00022184947314798","0.000354658098086715","0.000253947640081368","0.00708339002607495","False"
"Red Pitaya","","","fixed_29999999.9988358_hz_shift_16_phaseinc_1030792151","C:\Users\bud\RedPitaya\apps-tools\resonance_tracker\test-results\2026-09-23\raw_iq_noise_samples.csv","256","-0.684549590207489","2.41702012624399","0.0127125654397143","0.00736362935244836","0.0146625121365187","0.00411982646360921","0.321066527606815","False"
"Red Pitaya","","","fixed_30000000.0279397_hz_shift_16_phaseinc_1030792152","C:\Users\bud\RedPitaya\apps-tools\resonance_tracker\test-results\2026-09-23\raw_iq_noise_samples.csv","256","-0.684410918004375","2.41863647760987","0.0122474803548054","0.00706611656936167","0.0141120444589002","0.00417088639631621","0.307422262471337","False"
"Red Pitaya","","","fixed_29999999.9988358_hz_shift_17_phaseinc_1030792151","C:\Users\bud\RedPitaya\apps-tools\resonance_tracker\test-results\2026-09-23\raw_iq_noise_samples.csv","256","-0.684991082667927","2.41696914153591","0.0120897888523879","0.00705153363134446","0.0139686054057915","0.00396609683351015","0.305575838606294","False"
"Red Pitaya","","","fixed_30000000.0279397_hz_shift_17_phaseinc_1030792152","C:\Users\bud\RedPitaya\apps-tools\resonance_tracker\test-results\2026-09-23\raw_iq_noise_samples.csv","256","-0.684826569998615","2.41829366141231","0.0119965774478438","0.00707579773066929","0.0139006126097021","0.00403573566088432","0.303344274304389","False"
"Red Pitaya","","","fixed_29999999.9988358_hz_shift_18_phaseinc_1030792151","C:\Users\bud\RedPitaya\apps-tools\resonance_tracker\test-results\2026-09-23\raw_iq_noise_samples.csv","256","-0.684957693973423","2.41707762912971","0.010957757879417","0.00631613159749798","0.0126230388182361","0.00350497762724752","0.276649268353486","False"
"Red Pitaya","","","fixed_30000000.0279397_hz_shift_18_phaseinc_1030792152","C:\Users\bud\RedPitaya\apps-tools\resonance_tracker\test-results\2026-09-23\raw_iq_noise_samples.csv","256","-0.683976449573967","2.41912468839986","0.0107442062701574","0.0062616351979016","0.0124113640515045","0.00350239632523351","0.271457248970478","False"
"Red Pitaya","","","fixed_29999999.9988358_hz_shift_19_phaseinc_1030792151","C:\Users\bud\RedPitaya\apps-tools\resonance_tracker\test-results\2026-09-23\raw_iq_noise_samples.csv","256","-0.68464493344283","2.41738676293582","0.00810293303472071","0.00451677612021524","0.00925865125899895","0.00252231274840852","0.203170805926598","False"
"Red Pitaya","","","fixed_30000000.0279397_hz_shift_19_phaseinc_1030792152","C:\Users\bud\RedPitaya\apps-tools\resonance_tracker\test-results\2026-09-23\raw_iq_noise_samples.csv","256","-0.683198762950807","2.41980678258252","0.00812267658040548","0.00449164812557316","0.00926370570699911","0.00246688365201745","0.203488462051437","False"
"Red Pitaya","","","fixed_29999999.9988358_hz_shift_20_phaseinc_1030792151","C:\Users\bud\RedPitaya\apps-tools\resonance_tracker\test-results\2026-09-23\raw_iq_noise_samples.csv","256","-0.684484819789378","2.41756241375077","0.00220236211389582","0.00131750170125214","0.0025613438332686","0.000800889252704982","0.0554756709488917","False"
"Red Pitaya","","","fixed_30000000.0279397_hz_shift_20_phaseinc_1030792152","C:\Users\bud\RedPitaya\apps-tools\resonance_tracker\test-results\2026-09-23\raw_iq_noise_samples.csv","256","-0.681348742171387","2.41987253767659","0.00220429830116445","0.00131984708896901","0.00256420406098254","0.000806726570091348","0.055470110903156","False"
