"platform","setup_id","condition","source_file","count","window_shift","phase_increment","mean_inc_i","mean_inc_q","mean_ref_i","mean_ref_q","sd_inc_i_sample","sd_inc_q_sample","sd_ref_i_sample","sd_ref_q_sample","covariance_inc_iq_sample","covariance_ref_iq_sample","covariance_source","comparable_setup_verified"
"Red Pitaya","","fixed_29999999.9988358_hz_shift_16_phaseinc_1030792151","C:\Users\bud\RedPitaya\apps-tools\resonance_tracker\test-results\2026-09-23\raw_iq_noise_samples.csv","256","16","1030792151","626754.875","626973.7265625","-1944516.30078125","1085697.3125","4069.28514703051","3634.61427619265","3709.88801577191","6353.34459363651","-14087977.0068627","18373811.0120098","CPU calculation from repeated raw windows","False"
"Red Pitaya","","fixed_30000000.0279397_hz_shift_16_phaseinc_1030792152","C:\Users\bud\RedPitaya\apps-tools\resonance_tracker\test-results\2026-09-23\raw_iq_noise_samples.csv","256","16","1030792152","626624.921875","626505.58203125","-1944214.578125","1086803.60546875","3892.7174058382","3572.64454600063","3660.86259332495","6272.66345441569","-12946993.095527","18235454.6259191","CPU calculation from repeated raw windows","False"
"Red Pitaya","","fixed_29999999.9988358_hz_shift_17_phaseinc_1030792151","C:\Users\bud\RedPitaya\apps-tools\resonance_tracker\test-results\2026-09-23\raw_iq_noise_samples.csv","256","17","1030792151","625684.80078125","627999.27734375","-1946499.6484375","1082098.23828125","3576.93481159928","3154.27787162232","2598.23826011228","4484.29653584938","-10623353.8229626","6919785.69629289","CPU calculation from repeated raw windows","False"
"Red Pitaya","","fixed_30000000.0279397_hz_shift_17_phaseinc_1030792152","C:\Users\bud\RedPitaya\apps-tools\resonance_tracker\test-results\2026-09-23\raw_iq_noise_samples.csv","256","17","1030792152","625650.359375","627566.9296875","-1946158.9921875","1083242.46484375","3590.06131409626","3140.22608698637","2625.58423749344","4459.36607104888","-10581290.4099265","7024144.92184436","CPU calculation from repeated raw windows","False"
"Red Pitaya","","fixed_29999999.9988358_hz_shift_18_phaseinc_1030792151","C:\Users\bud\RedPitaya\apps-tools\resonance_tracker\test-results\2026-09-23\raw_iq_noise_samples.csv","256","18","1030792151","625255.87109375","628405.92578125","-1947226.83203125","1080870.546875","3162.32991342732","2794.44803037558","1880.00545449495","2942.90689920731","-8336844.40960478","1712159.75091912","CPU calculation from repeated raw windows","False"
"Red Pitaya","","fixed_30000000.0279397_hz_shift_18_phaseinc_1030792152","C:\Users\bud\RedPitaya\apps-tools\resonance_tracker\test-results\2026-09-23\raw_iq_noise_samples.csv","256","18","1030792152","625041.30078125","627980.69921875","-1946722.73828125","1082538.17578125","3108.9828825643","2731.41052395138","1801.48084343795","2784.06698215697","-7996210.53270527","1338348.23224571","CPU calculation from repeated raw windows","False"
"Red Pitaya","","fixed_29999999.9988358_hz_shift_19_phaseinc_1030792151","C:\Users\bud\RedPitaya\apps-tools\resonance_tracker\test-results\2026-09-23\raw_iq_noise_samples.csv","256","19","1030792151","624992.96875","628583.48046875","-1947453.9140625","1080499.82421875","2384.90504250478","2168.35923503603","1435.31665988882","1851.35615061791","-4862146.93002451","761545.117126225","CPU calculation from repeated raw windows","False"
"Red Pitaya","","fixed_30000000.0279397_hz_shift_19_phaseinc_1030792152","C:\Users\bud\RedPitaya\apps-tools\resonance_tracker\test-results\2026-09-23\raw_iq_noise_samples.csv","256","19","1030792152","624742.05078125","627894.48046875","-1946230.28125","1082784.5","2167.90703651697","1989.97979879622","1114.37599130635","2039.43338920878","-4029991.36959252","219093.066666667","CPU calculation from repeated raw windows","False"
"Red Pitaya","","fixed_29999999.9988358_hz_shift_20_phaseinc_1030792151","C:\Users\bud\RedPitaya\apps-tools\resonance_tracker\test-results\2026-09-23\raw_iq_noise_samples.csv","256","20","1030792151","624822.33203125","628717.44921875","-1947647.05078125","1080199.86328125","732.315240106024","669.78947040548","651.429331456406","1042.46954573441","-453852.204641544","526319.66361826","CPU calculation from repeated raw windows","False"
"Red Pitaya","","fixed_30000000.0279397_hz_shift_20_phaseinc_1030792152","C:\Users\bud\RedPitaya\apps-tools\resonance_tracker\test-results\2026-09-23\raw_iq_noise_samples.csv","256","20","1030792152","624142.77734375","627930.56640625","-1944772.8125","1082506.6796875","756.178297028185","687.294613516646","714.903462562823","1167.51995865608","-482490.096920956","681381.456372549","CPU calculation from repeated raw windows","False"
