elapsed_s,utc,phase,record
0.000119,2026-09-28T12:35:20.355278+00:00,command,rtrack stop
0.000469,2026-09-28T12:35:20.355625+00:00,command,rtrack debug 0
0.000676,2026-09-28T12:35:20.355829+00:00,command,rtrack sensors 2
0.000874,2026-09-28T12:35:20.356026+00:00,command,bandwidth hz 100
0.000971,2026-09-28T12:35:20.356126+00:00,command,rtrack status
0.003537,2026-09-28T12:35:20.358690+00:00,command,bandwidth
0.006423,2026-09-28T12:35:20.361576+00:00,command,version
0.014661,2026-09-28T12:35:20.369815+00:00,initial,rtrack stop
0.014693,2026-09-28T12:35:20.369846+00:00,initial,"RTA,stopped"
0.030685,2026-09-28T12:35:20.385843+00:00,initial,ch> rtrack debug 0
0.110712,2026-09-28T12:35:20.465871+00:00,initial,"RTA,debug,0"
0.111530,2026-09-28T12:35:20.466692+00:00,initial,ch> rtrack sensors 2
0.238793,2026-09-28T12:35:20.593958+00:00,initial,"RTA,sensors,2"
0.254617,2026-09-28T12:35:20.609777+00:00,initial,ch> bandwidth hz 100
0.254659,2026-09-28T12:35:20.609813+00:00,initial,bandwidth 39 (100Hz)
0.254670,2026-09-28T12:35:20.609824+00:00,initial,ch> rtrack status
0.654470,2026-09-28T12:35:21.009637+00:00,initial,"RTS,0,0,2,5,0,0,0,0.0,0.0,0.000,0.000"
0.654565,2026-09-28T12:35:21.009722+00:00,initial,ch> bandwidth
0.654590,2026-09-28T12:35:21.009748+00:00,initial,bandwidth 39 (100Hz)
2.008472,2026-09-28T12:35:22.363643+00:00,command,rtrack points 5
2.008668,2026-09-28T12:35:22.363833+00:00,command,rtrack baseline 20000000 26000000
2.029540,2026-09-28T12:35:22.384710+00:00,baseline,ch> vrtrack points 5
2.029591,2026-09-28T12:35:22.384754+00:00,baseline,"RTA,points,5"
2.045517,2026-09-28T12:35:22.400686+00:00,baseline,ch> rtrack baseline 20000000 26000000
2.141636,2026-09-28T12:35:22.496806+00:00,baseline,"RTB,3,2,20000000,26000000,101,16000,100,100,3,raw_complex"
5.323743,2026-09-28T12:35:25.678934+00:00,baseline,"RTB_INF,1,20926034.0,21308206.0,661941.3,0.004113197"
5.323820,2026-09-28T12:35:25.679001+00:00,baseline,"RTB_REF,1,20455178.0,21779062.0,21,3"
6.138796,2026-09-28T12:35:26.493988+00:00,baseline,"RTB_RES,1,21121256.0,106.360,198582.6,66194.2,0.0,0.000906808,-0.000016975,4.015673162"
6.138851,2026-09-28T12:35:26.494036+00:00,baseline,"RTB_MODEL,1,0.986599"
6.138858,2026-09-28T12:35:26.494042+00:00,baseline,"RTB_PT,1,-2,20988868,1.624553088,-1.174795152"
6.168956,2026-09-28T12:35:26.524147+00:00,baseline,"RTB_PT,1,-1,21055062,1.621386752,-1.178071376"
6.168996,2026-09-28T12:35:26.524181+00:00,baseline,"RTB_PT,1,0,21121256,1.618815040,-1.181000464"
6.169003,2026-09-28T12:35:26.524187+00:00,baseline,"RTB_PT,1,1,21187450,1.616944320,-1.184216496"
6.199986,2026-09-28T12:35:26.555178+00:00,baseline,"RTB_PT,1,2,21253644,1.614638784,-1.188321584"
6.200025,2026-09-28T12:35:26.555210+00:00,baseline,"RTB_INF,2,24487118.0,24877332.0,675870.4,0.007112026"
6.200033,2026-09-28T12:35:26.555218+00:00,baseline,"RTB_REF,2,24006356.0,25358096.0,21,3"
7.000180,2026-09-28T12:35:27.355376+00:00,baseline,"RTB_RES,2,24692258.0,91.335,270348.0,67587.0,0.0,0.001287624,-0.000423813,3.998659392"
7.000237,2026-09-28T12:35:27.355426+00:00,baseline,"RTB_MODEL,2,0.990044"
7.016113,2026-09-28T12:35:27.371310+00:00,baseline,"RTB_PT,2,-2,24557084,1.439915072,-1.389722112"
7.047106,2026-09-28T12:35:27.402302+00:00,baseline,"RTB_PT,2,-1,24624672,1.434846048,-1.393468256"
7.047162,2026-09-28T12:35:27.402351+00:00,baseline,"RTB_PT,2,0,24692258,1.430688992,-1.396833888"
7.047168,2026-09-28T12:35:27.402357+00:00,baseline,"RTB_PT,2,1,24759844,1.427344672,-1.401036128"
7.077484,2026-09-28T12:35:27.432679+00:00,baseline,"RTB_PT,2,2,24827432,1.423460000,-1.405875552"
7.077533,2026-09-28T12:35:27.432723+00:00,baseline,"RTB_DONE,21121256.0,24692258.0,106.360,91.335"
11.925889,2026-09-28T12:35:32.281111+00:00,command,rtrack points 5
11.926001,2026-09-28T12:35:32.281216+00:00,command,rtrack start
11.939056,2026-09-28T12:35:32.294278+00:00,tracking_5pt,ch> rtrack points 5
11.955152,2026-09-28T12:35:32.310374+00:00,tracking_5pt,"RTA,points,5"
11.955204,2026-09-28T12:35:32.310420+00:00,tracking_5pt,ch> rtrack start
12.114416,2026-09-28T12:35:32.469638+00:00,tracking_5pt,"RTA,started"
12.323097,2026-09-28T12:35:32.678324+00:00,tracking_5pt,"ch> RTD,1,21118060.0,80.608,3057.3,24686744.0,92.140,9759.5,5"
12.434095,2026-09-28T12:35:32.789321+00:00,tracking_5pt,"RTD,2,21120470.0,80.027,7212.9,24689472.0,91.235,9275.5,5"
12.594038,2026-09-28T12:35:32.949264+00:00,tracking_5pt,"RTD,3,21116516.0,81.267,7391.7,24686042.0,91.363,6997.3,5"
12.707094,2026-09-28T12:35:33.062324+00:00,tracking_5pt,"RTD,4,21121608.0,81.059,7597.4,24686792.0,90.721,6440.6,5"
12.866564,2026-09-28T12:35:33.221792+00:00,tracking_5pt,"RTD,5,21114262.0,82.033,10644.2,24697700.0,91.527,7448.9,5"
12.977722,2026-09-28T12:35:33.332949+00:00,tracking_5pt,"RTD,6,21129496.0,81.358,8199.3,24685632.0,91.950,8947.9,5"
13.137963,2026-09-28T12:35:33.493192+00:00,tracking_5pt,"RTD,7,21120476.0,80.357,8183.2,24695088.0,91.714,5511.0,5"
13.250301,2026-09-28T12:35:33.605531+00:00,tracking_5pt,"RTD,8,21111986.0,81.330,8361.8,24684062.0,91.679,5150.7,5"
13.409414,2026-09-28T12:35:33.764644+00:00,tracking_5pt,"RTD,9,21121836.0,80.660,5432.6,24688492.0,92.282,7790.4,5"
13.522203,2026-09-28T12:35:33.877433+00:00,tracking_5pt,"RTD,10,21129362.0,81.464,7943.2,24681622.0,91.399,7222.0,5"
13.681959,2026-09-28T12:35:34.037192+00:00,tracking_5pt,"RTD,11,21115428.0,81.144,5467.5,24685806.0,90.491,9239.7,5"
13.793167,2026-09-28T12:35:34.148399+00:00,tracking_5pt,"RTD,12,21118310.0,80.675,4361.9,24691652.0,91.590,6445.4,5"
13.953871,2026-09-28T12:35:34.309105+00:00,tracking_5pt,"RTD,13,21123834.0,81.479,8923.2,24684966.0,91.474,8414.0,5"
14.065818,2026-09-28T12:35:34.421052+00:00,tracking_5pt,"RTD,14,21115572.0,81.381,9315.8,24690182.0,92.004,8240.2,5"
14.224924,2026-09-28T12:35:34.580159+00:00,tracking_5pt,"RTD,15,21127228.0,80.746,7989.1,24693056.0,91.532,5931.8,5"
14.337483,2026-09-28T12:35:34.692719+00:00,tracking_5pt,"RTD,16,21119188.0,80.516,5547.8,24690402.0,91.727,4867.9,5"
14.497270,2026-09-28T12:35:34.852504+00:00,tracking_5pt,"RTD,17,21118340.0,80.821,5029.5,24688504.0,91.926,7272.0,5"
14.608849,2026-09-28T12:35:34.964089+00:00,tracking_5pt,"RTD,18,21128392.0,81.768,10004.4,24691072.0,92.057,1458.2,5"
14.769457,2026-09-28T12:35:35.124695+00:00,tracking_5pt,"RTD,19,21121182.0,81.172,9816.0,24685958.0,91.828,8962.2,5"
14.880814,2026-09-28T12:35:35.236052+00:00,tracking_5pt,"RTD,20,21119534.0,80.831,6084.0,24691302.0,91.366,6213.4,5"
15.040622,2026-09-28T12:35:35.395860+00:00,tracking_5pt,"RTD,21,21124112.0,80.627,5104.6,24678516.0,91.278,8222.2,5"
15.153157,2026-09-28T12:35:35.508396+00:00,tracking_5pt,"RTD,22,21123356.0,81.755,9730.0,24692306.0,91.141,7998.6,5"
15.312343,2026-09-28T12:35:35.667583+00:00,tracking_5pt,"RTD,23,21122194.0,80.588,2388.4,24679774.0,91.626,5606.1,5"
15.424307,2026-09-28T12:35:35.779548+00:00,tracking_5pt,"RTD,24,21119438.0,80.781,5232.8,24691638.0,90.446,7676.8,5"
15.584953,2026-09-28T12:35:35.940196+00:00,tracking_5pt,"RTD,25,21124124.0,80.624,2972.7,24689056.0,91.722,9000.6,5"
15.696226,2026-09-28T12:35:36.051469+00:00,tracking_5pt,"RTD,26,21122308.0,80.943,8111.8,24685718.0,91.283,9039.3,5"
15.856919,2026-09-28T12:35:36.212168+00:00,tracking_5pt,"RTD,27,21116064.0,80.681,5793.4,24687222.0,91.530,6772.2,5"
15.968739,2026-09-28T12:35:36.323982+00:00,tracking_5pt,"RTD,28,21128536.0,81.398,9534.9,24692514.0,91.696,6203.7,5"
16.143896,2026-09-28T12:35:36.499141+00:00,tracking_5pt,"RTD,29,21118500.0,80.326,4018.1,24689066.0,91.448,7578.5,5"
16.256561,2026-09-28T12:35:36.611806+00:00,tracking_5pt,"RTD,30,21125424.0,80.649,4129.3,24691482.0,91.573,9440.6,5"
16.415799,2026-09-28T12:35:36.771046+00:00,tracking_5pt,"RTD,31,21121974.0,80.915,5495.1,24692132.0,92.158,6331.1,5"
16.527665,2026-09-28T12:35:36.882915+00:00,tracking_5pt,"RTD,32,21124516.0,80.860,7697.9,24690956.0,91.961,6949.0,5"
16.688252,2026-09-28T12:35:37.043499+00:00,tracking_5pt,"RTD,33,21115526.0,80.855,3670.2,24685588.0,92.004,10916.5,5"
16.800137,2026-09-28T12:35:37.155385+00:00,tracking_5pt,"RTD,34,21125242.0,81.033,7492.2,24694250.0,91.411,7907.4,5"
16.959328,2026-09-28T12:35:37.314577+00:00,tracking_5pt,"RTD,35,21122346.0,81.231,8293.7,24687326.0,92.016,3193.4,5"
17.072013,2026-09-28T12:35:37.427262+00:00,tracking_5pt,"RTD,36,21119014.0,80.516,8649.7,24689190.0,91.432,4865.6,5"
17.247790,2026-09-28T12:35:37.603041+00:00,tracking_5pt,"RTD,37,21122350.0,80.688,3293.8,24684506.0,91.658,4841.5,5"
17.359268,2026-09-28T12:35:37.714519+00:00,tracking_5pt,"RTD,38,21115868.0,80.538,3307.0,24688742.0,91.094,9874.3,5"
17.519808,2026-09-28T12:35:37.875060+00:00,tracking_5pt,"RTD,39,21115676.0,80.587,7486.8,24686936.0,91.295,3410.0,5"
17.631696,2026-09-28T12:35:37.986948+00:00,tracking_5pt,"RTD,40,21125880.0,81.159,6179.0,24697414.0,92.340,8447.8,5"
17.790842,2026-09-28T12:35:38.146096+00:00,tracking_5pt,"RTD,41,21126400.0,81.040,10471.2,24685246.0,91.874,6404.8,5"
17.903535,2026-09-28T12:35:38.258789+00:00,tracking_5pt,"RTD,42,21122212.0,81.542,11175.0,24692062.0,91.625,8207.6,5"
18.063141,2026-09-28T12:35:38.418396+00:00,tracking_5pt,"RTD,43,21126434.0,80.951,4798.4,24680400.0,91.976,5697.8,5"
18.174627,2026-09-28T12:35:38.529883+00:00,tracking_5pt,"RTD,44,21120174.0,81.709,11073.9,24690892.0,91.193,3988.8,5"
18.351163,2026-09-28T12:35:38.706420+00:00,tracking_5pt,"RTD,45,21128538.0,80.491,4438.3,24682056.0,91.434,7137.1,5"
18.462491,2026-09-28T12:35:38.817747+00:00,tracking_5pt,"RTD,46,21119314.0,81.099,7690.0,24687578.0,91.448,6762.0,5"
18.623179,2026-09-28T12:35:38.978437+00:00,tracking_5pt,"RTD,47,21118580.0,80.332,5196.4,24688388.0,92.060,9402.6,5"
18.734993,2026-09-28T12:35:39.090252+00:00,tracking_5pt,"RTD,48,21126466.0,80.600,5539.8,24691554.0,91.544,5915.8,5"
18.894106,2026-09-28T12:35:39.249364+00:00,tracking_5pt,"RTD,49,21121366.0,80.354,6088.5,24687790.0,91.823,8095.4,5"
19.007023,2026-09-28T12:35:39.362283+00:00,tracking_5pt,"RTD,50,21119914.0,81.061,4585.3,24688130.0,91.374,8298.9,5"
19.182510,2026-09-28T12:35:39.537771+00:00,tracking_5pt,"RTD,51,21125220.0,81.545,7553.4,24689358.0,92.246,4383.5,5"
19.293814,2026-09-28T12:35:39.649076+00:00,tracking_5pt,"RTD,52,21119836.0,80.600,3614.4,24687748.0,92.155,7107.6,5"
19.454568,2026-09-28T12:35:39.809830+00:00,tracking_5pt,"RTD,53,21120608.0,81.757,9586.2,24685912.0,91.512,8344.5,5"
19.566414,2026-09-28T12:35:39.921679+00:00,tracking_5pt,"RTD,54,21122816.0,81.301,6901.6,24687144.0,91.419,5748.7,5"
19.725631,2026-09-28T12:35:40.080899+00:00,tracking_5pt,"RTD,55,21119666.0,81.314,9728.1,24683138.0,91.560,7854.4,5"
19.838310,2026-09-28T12:35:40.193574+00:00,tracking_5pt,"RTD,56,21117642.0,81.307,6345.8,24690506.0,91.465,10744.8,5"
19.998093,2026-09-28T12:35:40.353358+00:00,tracking_5pt,"RTD,57,21121620.0,81.449,7109.6,24682058.0,91.679,6747.5,5"
20.125318,2026-09-28T12:35:40.480585+00:00,tracking_5pt,"RTD,58,21118184.0,81.185,7156.5,24692756.0,90.973,6121.7,5"
20.285922,2026-09-28T12:35:40.641190+00:00,tracking_5pt,"RTD,59,21129560.0,81.019,6833.6,24691230.0,92.232,7814.2,5"
20.397551,2026-09-28T12:35:40.752819+00:00,tracking_5pt,"RTD,60,21116518.0,80.259,4624.2,24688026.0,91.585,7628.1,5"
20.557777,2026-09-28T12:35:40.913046+00:00,tracking_5pt,"RTD,61,21117332.0,81.419,9825.8,24684088.0,92.006,3476.8,5"
20.669679,2026-09-28T12:35:41.024948+00:00,tracking_5pt,"RTD,62,21124646.0,80.706,6647.0,24691998.0,91.323,9960.6,5"
20.829615,2026-09-28T12:35:41.184885+00:00,tracking_5pt,"RTD,63,21119786.0,80.743,6741.2,24683964.0,92.060,4328.2,5"
20.940847,2026-09-28T12:35:41.296121+00:00,tracking_5pt,"RTD,64,21119930.0,80.864,6204.0,24686976.0,90.964,9835.5,5"
21.117383,2026-09-28T12:35:41.472654+00:00,tracking_5pt,"RTD,65,21122570.0,81.160,10859.9,24685308.0,91.043,6718.3,5"
21.228895,2026-09-28T12:35:41.584167+00:00,tracking_5pt,"RTD,66,21116322.0,80.531,5516.6,24690304.0,91.797,7217.6,5"
21.389226,2026-09-28T12:35:41.744498+00:00,tracking_5pt,"RTD,67,21123594.0,80.727,5171.3,24688890.0,91.408,6168.0,5"
21.501238,2026-09-28T12:35:41.856511+00:00,tracking_5pt,"RTD,68,21122042.0,80.669,6595.8,24691310.0,91.434,4537.9,5"
21.660413,2026-09-28T12:35:42.015687+00:00,tracking_5pt,"RTD,69,21123738.0,80.617,4576.8,24690088.0,91.867,6957.1,5"
21.773242,2026-09-28T12:35:42.128522+00:00,tracking_5pt,"RTD,70,21121662.0,80.637,2889.5,24687822.0,91.304,6329.8,5"
21.948962,2026-09-28T12:35:42.304238+00:00,tracking_5pt,"RTD,71,21120752.0,81.250,10031.2,24691164.0,90.909,7952.0,5"
22.060088,2026-09-28T12:35:42.415364+00:00,tracking_5pt,"RTD,72,21117836.0,81.335,8484.9,24686300.0,91.974,8193.8,5"
22.220872,2026-09-28T12:35:42.576150+00:00,tracking_5pt,"RTD,73,21125850.0,80.672,3157.8,24679972.0,91.651,6091.0,5"
22.332214,2026-09-28T12:35:42.687491+00:00,tracking_5pt,"RTD,74,21123378.0,81.404,9154.2,24688318.0,90.378,9612.1,5"
22.491963,2026-09-28T12:35:42.847242+00:00,tracking_5pt,"RTD,75,21116910.0,81.183,6147.5,24687930.0,91.615,6344.8,5"
22.604604,2026-09-28T12:35:42.959884+00:00,tracking_5pt,"RTD,76,21124064.0,80.733,6548.1,24684774.0,90.926,9628.0,5"
22.763847,2026-09-28T12:35:43.119126+00:00,tracking_5pt,"RTD,77,21124966.0,81.164,7813.8,24690700.0,91.860,6653.3,5"
22.875876,2026-09-28T12:35:43.231157+00:00,tracking_5pt,"RTD,78,21117616.0,81.211,9265.9,24682206.0,92.004,8901.3,5"
23.052239,2026-09-28T12:35:43.407520+00:00,tracking_5pt,"RTD,79,21129028.0,80.352,6398.5,24688900.0,91.091,8463.0,5"
23.163700,2026-09-28T12:35:43.518982+00:00,tracking_5pt,"RTD,80,21120798.0,80.979,6150.2,24692296.0,91.942,4810.6,5"
23.323509,2026-09-28T12:35:43.678793+00:00,tracking_5pt,"RTD,81,21124278.0,81.727,8989.4,24676466.0,91.449,5015.6,5"
23.436031,2026-09-28T12:35:43.791315+00:00,tracking_5pt,"RTD,82,21122110.0,81.385,10836.2,24688460.0,90.907,8962.4,5"
23.595319,2026-09-28T12:35:43.950603+00:00,tracking_5pt,"RTD,83,21132648.0,81.296,6757.0,24681118.0,91.037,8483.6,5"
23.707111,2026-09-28T12:35:44.062400+00:00,tracking_5pt,"RTD,84,21124620.0,80.864,8763.5,24691784.0,91.577,7425.5,5"
23.883674,2026-09-28T12:35:44.238959+00:00,tracking_5pt,"RTD,85,21120062.0,80.365,5528.7,24686628.0,91.879,9929.1,5"
23.994971,2026-09-28T12:35:44.350258+00:00,tracking_5pt,"RTD,86,21121726.0,80.896,8223.7,24686414.0,91.278,8895.2,5"
24.154868,2026-09-28T12:35:44.510155+00:00,tracking_5pt,"RTD,87,21120100.0,81.329,12110.2,24697950.0,91.690,4303.6,5"
24.266955,2026-09-28T12:35:44.622243+00:00,tracking_5pt,"RTD,88,21116890.0,81.167,6360.7,24674330.0,92.142,6151.3,5"
24.426827,2026-09-28T12:35:44.782122+00:00,tracking_5pt,"RTD,89,21121270.0,80.249,3625.6,24698050.0,90.675,7657.9,5"
24.538660,2026-09-28T12:35:44.893949+00:00,tracking_5pt,"RTD,90,21127038.0,81.172,6849.4,24681294.0,92.128,4055.1,5"
24.698569,2026-09-28T12:35:45.053859+00:00,tracking_5pt,"RTD,91,21120922.0,81.450,10649.0,24691886.0,91.610,7647.5,5"
24.810529,2026-09-28T12:35:45.165819+00:00,tracking_5pt,"RTD,92,21122680.0,80.577,7839.1,24683414.0,91.779,6909.2,5"
24.986392,2026-09-28T12:35:45.341683+00:00,tracking_5pt,"RTD,93,21119670.0,80.859,8107.2,24690020.0,91.941,4742.1,5"
25.098365,2026-09-28T12:35:45.453657+00:00,tracking_5pt,"RTD,94,21129826.0,81.093,7526.0,24689936.0,91.288,6751.0,5"
25.258318,2026-09-28T12:35:45.613614+00:00,tracking_5pt,"RTD,95,21114602.0,80.288,5701.1,24685908.0,91.344,6609.7,5"
25.370812,2026-09-28T12:35:45.726105+00:00,tracking_5pt,"RTD,96,21122676.0,81.617,8289.2,24685512.0,91.771,6267.1,5"
25.530271,2026-09-28T12:35:45.885566+00:00,tracking_5pt,"RTD,97,21120326.0,81.175,6987.2,24691346.0,91.728,8426.3,5"
25.642205,2026-09-28T12:35:45.997501+00:00,tracking_5pt,"RTD,98,21120134.0,80.267,2535.4,24680454.0,91.969,7786.0,5"
25.817999,2026-09-28T12:35:46.173295+00:00,tracking_5pt,"RTD,99,21124248.0,80.599,7663.6,24697648.0,90.775,7313.9,5"
25.930072,2026-09-28T12:35:46.285371+00:00,tracking_5pt,"RTD,100,21112356.0,81.523,12029.7,24688452.0,92.326,5462.4,5"
26.090591,2026-09-28T12:35:46.445890+00:00,tracking_5pt,"RTD,101,21123044.0,80.764,8717.9,24688222.0,91.667,7855.9,5"
26.202427,2026-09-28T12:35:46.557725+00:00,tracking_5pt,"RTD,102,21119420.0,81.623,10630.9,24686146.0,92.112,7742.9,5"
26.361747,2026-09-28T12:35:46.717046+00:00,tracking_5pt,"RTD,103,21122292.0,80.861,3848.3,24694966.0,91.908,1559.1,5"
26.474138,2026-09-28T12:35:46.829442+00:00,tracking_5pt,"RTD,104,21114406.0,81.130,5449.6,24680616.0,91.724,7597.2,5"
26.650131,2026-09-28T12:35:47.005432+00:00,tracking_5pt,"RTD,105,21127594.0,81.139,7659.1,24695918.0,91.290,5268.2,5"
26.761371,2026-09-28T12:35:47.116672+00:00,tracking_5pt,"RTD,106,21115514.0,80.757,5164.8,24683352.0,91.672,6948.9,5"
26.921901,2026-09-28T12:35:47.277203+00:00,tracking_5pt,"RTD,107,21119272.0,81.032,5943.6,24698150.0,91.400,4895.9,5"
27.018111,2026-09-28T12:35:47.373413+00:00,command,rtrack stop
27.033879,2026-09-28T12:35:47.389182+00:00,stop_5pt,"RTD,108,21113918.0,80.809,6589.0,24684294.0,92.345,7388.8,5"
27.033938,2026-09-28T12:35:47.389233+00:00,stop_5pt,rtrack stop
27.193131,2026-09-28T12:35:47.548435+00:00,stop_5pt,"RTD,109,21132304.0,81.306,7974.0,24681318.0,91.209,4332.8,5"
27.193186,2026-09-28T12:35:47.548482+00:00,stop_5pt,"RTA,stopped"
27.623703,2026-09-28T12:35:47.979009+00:00,command,rtrack points 3
27.623986,2026-09-28T12:35:47.979290+00:00,command,rtrack start
27.641372,2026-09-28T12:35:47.996682+00:00,tracking_3pt,ch> rtrack points 3
27.657408,2026-09-28T12:35:48.012715+00:00,tracking_3pt,"RTA,points,3"
27.657476,2026-09-28T12:35:48.012775+00:00,tracking_3pt,ch> rtrack start
27.976428,2026-09-28T12:35:48.331735+00:00,tracking_3pt,"RTA,started"
28.185041,2026-09-28T12:35:48.540349+00:00,tracking_3pt,"ch> RTD,110,21110550.0,156.818,7590.5,24699366.0,176.102,11836.8,3"
28.249041,2026-09-28T12:35:48.604351+00:00,tracking_3pt,"RTD,111,21134578.0,157.821,21464.3,24692590.0,182.596,8200.4,3"
28.360245,2026-09-28T12:35:48.715558+00:00,tracking_3pt,"RTD,112,21111350.0,155.282,9746.7,24696810.0,181.994,4438.5,3"
28.424172,2026-09-28T12:35:48.779483+00:00,tracking_3pt,"RTD,113,21117160.0,159.375,9610.6,24699760.0,182.006,6320.9,3"
28.504831,2026-09-28T12:35:48.860142+00:00,tracking_3pt,"RTD,114,21134038.0,158.538,13412.7,24695148.0,182.641,8800.8,3"
28.616777,2026-09-28T12:35:48.972088+00:00,tracking_3pt,"RTD,115,21113878.0,157.874,11596.7,24695354.0,182.635,3709.5,3"
28.680278,2026-09-28T12:35:49.035589+00:00,tracking_3pt,"RTD,116,21127844.0,159.255,13281.4,24689836.0,182.517,10926.5,3"
28.744133,2026-09-28T12:35:49.099447+00:00,tracking_3pt,"RTD,117,21120108.0,159.254,10088.4,24696662.0,182.172,3510.2,3"
28.872578,2026-09-28T12:35:49.227891+00:00,tracking_3pt,"RTD,118,21123886.0,159.506,11929.6,24697764.0,182.100,8341.8,3"
28.936595,2026-09-28T12:35:49.291909+00:00,tracking_3pt,"RTD,119,21117750.0,159.296,5559.0,24702988.0,181.623,6621.1,3"
29.000593,2026-09-28T12:35:49.355907+00:00,tracking_3pt,"RTD,120,21121182.0,159.417,9616.4,24696734.0,182.649,572.8,3"
29.111813,2026-09-28T12:35:49.467127+00:00,tracking_3pt,"RTD,121,21123616.0,159.558,21222.8,24702736.0,181.942,2932.4,3"
29.191888,2026-09-28T12:35:49.547207+00:00,tracking_3pt,"RTD,122,21117630.0,159.468,11328.4,24697804.0,182.605,12594.6,3"
29.256340,2026-09-28T12:35:49.611655+00:00,tracking_3pt,"RTD,123,21124576.0,159.433,9335.7,24692546.0,182.672,7934.3,3"
29.368221,2026-09-28T12:35:49.723536+00:00,tracking_3pt,"RTD,124,21119418.0,159.413,10635.6,24705396.0,179.674,6875.1,3"
29.432327,2026-09-28T12:35:49.787643+00:00,tracking_3pt,"RTD,125,21127770.0,159.513,8714.4,24693220.0,182.263,6525.9,3"
29.511443,2026-09-28T12:35:49.866759+00:00,tracking_3pt,"RTD,126,21112148.0,158.780,15641.0,24693382.0,182.464,4324.2,3"
29.623597,2026-09-28T12:35:49.978918+00:00,tracking_3pt,"RTD,127,21130138.0,157.871,9689.0,24691050.0,182.661,5479.7,3"
29.688001,2026-09-28T12:35:50.043319+00:00,tracking_3pt,"RTD,128,21115736.0,158.013,4211.6,24695890.0,181.866,4954.5,3"
29.752007,2026-09-28T12:35:50.107325+00:00,tracking_3pt,"RTD,129,21122310.0,159.511,10206.5,24690480.0,182.571,6375.0,3"
29.879219,2026-09-28T12:35:50.234538+00:00,tracking_3pt,"RTD,130,21126556.0,159.524,10284.1,24697808.0,181.519,8309.8,3"
29.943175,2026-09-28T12:35:50.298494+00:00,tracking_3pt,"RTD,131,21118098.0,159.301,9698.7,24697250.0,182.570,3015.1,3"
30.007418,2026-09-28T12:35:50.362741+00:00,tracking_3pt,"RTD,132,21116588.0,159.505,19217.5,24692214.0,182.650,6307.5,3"
30.135117,2026-09-28T12:35:50.490437+00:00,tracking_3pt,"RTD,133,21113766.0,159.464,10141.7,24692980.0,182.206,6603.6,3"
30.199657,2026-09-28T12:35:50.554977+00:00,tracking_3pt,"RTD,134,21125786.0,158.218,5038.2,24696046.0,182.483,5844.4,3"
30.263779,2026-09-28T12:35:50.619100+00:00,tracking_3pt,"RTD,135,21116266.0,158.898,12600.6,24693968.0,182.381,10096.7,3"
30.375112,2026-09-28T12:35:50.730436+00:00,tracking_3pt,"RTD,136,21127516.0,158.382,14466.1,24697416.0,182.348,2835.4,3"
30.455558,2026-09-28T12:35:50.810879+00:00,tracking_3pt,"RTD,137,21128368.0,159.480,11171.5,24695300.0,182.406,10227.8,3"
30.519428,2026-09-28T12:35:50.874750+00:00,tracking_3pt,"RTD,138,21122616.0,159.476,12090.4,24694848.0,182.115,10378.2,3"
30.630892,2026-09-28T12:35:50.986215+00:00,tracking_3pt,"RTD,139,21115422.0,159.147,7073.8,24688948.0,182.580,2546.3,3"
30.710635,2026-09-28T12:35:51.065958+00:00,tracking_3pt,"RTD,140,21119272.0,159.295,13919.1,24693244.0,182.266,2089.8,3"
30.774883,2026-09-28T12:35:51.130208+00:00,tracking_3pt,"RTD,141,21133382.0,158.202,3869.3,24691998.0,182.548,7291.1,3"
30.887417,2026-09-28T12:35:51.242742+00:00,tracking_3pt,"RTD,142,21107386.0,156.360,9510.5,24695892.0,182.229,6221.7,3"
30.966382,2026-09-28T12:35:51.321707+00:00,tracking_3pt,"RTD,143,21126626.0,157.903,2249.8,24697946.0,182.031,6988.5,3"
31.029612,2026-09-28T12:35:51.384937+00:00,tracking_3pt,"RTD,144,21120452.0,159.519,22083.8,24693128.0,182.677,3209.5,3"
31.141484,2026-09-28T12:35:51.496809+00:00,tracking_3pt,"RTD,145,21122318.0,159.548,7998.8,24699200.0,182.130,3826.7,3"
31.206123,2026-09-28T12:35:51.561449+00:00,tracking_3pt,"RTD,146,21123298.0,159.538,13214.7,24693478.0,182.679,4209.4,3"
31.286103,2026-09-28T12:35:51.641430+00:00,tracking_3pt,"RTD,147,21123230.0,159.555,16925.2,24695136.0,182.336,5196.4,3"
31.398074,2026-09-28T12:35:51.753402+00:00,tracking_3pt,"RTD,148,21122026.0,159.433,4078.7,24687886.0,182.506,1886.6,3"
31.461360,2026-09-28T12:35:51.816688+00:00,tracking_3pt,"RTD,149,21115882.0,159.205,5834.0,24691764.0,182.247,219.4,3"
31.541172,2026-09-28T12:35:51.896500+00:00,tracking_3pt,"RTD,150,21128202.0,158.477,16101.7,24696738.0,182.335,3448.9,3"
31.653872,2026-09-28T12:35:52.009200+00:00,tracking_3pt,"RTD,151,21118142.0,159.298,14399.2,24694576.0,182.649,1912.9,3"
31.717725,2026-09-28T12:35:52.073054+00:00,tracking_3pt,"RTD,152,21120626.0,159.520,16336.5,24696304.0,182.338,4491.1,3"
31.797534,2026-09-28T12:35:52.152863+00:00,tracking_3pt,"RTD,153,21118532.0,159.520,13480.0,24695668.0,182.582,1995.9,3"
31.908914,2026-09-28T12:35:52.264243+00:00,tracking_3pt,"RTD,154,21122802.0,159.337,18668.4,24699730.0,181.959,7331.9,3"
31.973385,2026-09-28T12:35:52.328715+00:00,tracking_3pt,"RTD,155,21118966.0,159.464,19740.3,24692458.0,182.672,8196.2,3"
32.053438,2026-09-28T12:35:52.408769+00:00,tracking_3pt,"RTD,156,21117328.0,159.490,7682.9,24694856.0,182.282,3757.0,3"
32.165367,2026-09-28T12:35:52.520698+00:00,tracking_3pt,"RTD,157,21117440.0,159.511,12880.1,24694570.0,182.500,3932.3,3"
32.228792,2026-09-28T12:35:52.584123+00:00,tracking_3pt,"RTD,158,21126734.0,159.190,5078.6,24696972.0,182.264,4607.3,3"
32.308672,2026-09-28T12:35:52.664004+00:00,tracking_3pt,"RTD,159,21115746.0,158.320,2983.6,24689768.0,182.652,12346.0,3"
32.421307,2026-09-28T12:35:52.776640+00:00,tracking_3pt,"RTD,160,21125760.0,158.812,4298.7,24691540.0,182.361,5001.1,3"
32.485087,2026-09-28T12:35:52.840420+00:00,tracking_3pt,"RTD,161,21123498.0,159.502,4840.9,24696070.0,181.775,7139.6,3"
32.564648,2026-09-28T12:35:52.919981+00:00,tracking_3pt,"RTD,162,21123830.0,159.533,1582.5,24692324.0,182.671,3522.4,3"
32.676393,2026-09-28T12:35:53.031727+00:00,tracking_3pt,"RTD,163,21118298.0,159.219,2825.2,24694158.0,182.480,4549.0,3"
32.740550,2026-09-28T12:35:53.095886+00:00,tracking_3pt,"RTD,164,21120888.0,159.398,8739.2,24693520.0,182.608,1553.1,3"
32.820384,2026-09-28T12:35:53.175720+00:00,tracking_3pt,"RTD,165,21122588.0,159.495,25427.6,24701080.0,181.773,1598.1,3"
32.932340,2026-09-28T12:35:53.287676+00:00,tracking_3pt,"RTD,166,21124794.0,159.510,11432.4,24688414.0,181.420,8118.7,3"
33.012161,2026-09-28T12:35:53.367502+00:00,tracking_3pt,"RTD,167,21122208.0,159.547,23850.5,24699248.0,179.524,9361.2,3"
33.076118,2026-09-28T12:35:53.431454+00:00,tracking_3pt,"RTD,168,21118412.0,159.519,19619.6,24698568.0,182.630,2185.4,3"
33.188057,2026-09-28T12:35:53.543395+00:00,tracking_3pt,"RTD,169,21126352.0,158.256,18917.5,24701366.0,181.788,9299.6,3"
33.268010,2026-09-28T12:35:53.623352+00:00,tracking_3pt,"RTD,170,21110926.0,158.995,16616.6,24689084.0,182.392,7203.6,3"
33.331891,2026-09-28T12:35:53.687228+00:00,tracking_3pt,"RTD,171,21130480.0,158.521,17272.0,24687006.0,182.546,4026.1,3"
33.443917,2026-09-28T12:35:53.799255+00:00,tracking_3pt,"RTD,172,21110736.0,157.955,15681.1,24696472.0,181.566,1940.5,3"
33.524508,2026-09-28T12:35:53.879847+00:00,tracking_3pt,"RTD,173,21126650.0,158.814,4877.4,24693530.0,182.549,7800.9,3"
33.588523,2026-09-28T12:35:53.943863+00:00,tracking_3pt,"RTD,174,21125294.0,159.547,5022.4,24690200.0,182.562,8210.9,3"
33.699928,2026-09-28T12:35:54.055269+00:00,tracking_3pt,"RTD,175,21118668.0,159.424,11619.6,24707240.0,178.781,7837.1,3"
33.779831,2026-09-28T12:35:54.135171+00:00,tracking_3pt,"RTD,176,21117752.0,159.457,9698.8,24690544.0,181.662,3448.9,3"
33.843638,2026-09-28T12:35:54.198978+00:00,tracking_3pt,"RTD,177,21118488.0,159.502,14545.8,24696148.0,181.705,5140.0,3"
33.955724,2026-09-28T12:35:54.311070+00:00,tracking_3pt,"RTD,178,21120872.0,159.488,4758.6,24695424.0,182.443,10545.7,3"
34.035596,2026-09-28T12:35:54.390942+00:00,tracking_3pt,"RTD,179,21125822.0,159.348,10124.7,24704536.0,181.391,3704.9,3"
34.099579,2026-09-28T12:35:54.454921+00:00,tracking_3pt,"RTD,180,21115532.0,159.047,21091.9,24687294.0,181.903,9747.0,3"
34.227326,2026-09-28T12:35:54.582669+00:00,tracking_3pt,"RTD,181,21129802.0,158.571,2792.5,24695200.0,180.823,6764.2,3"
34.291404,2026-09-28T12:35:54.646745+00:00,tracking_3pt,"RTD,182,21114058.0,158.770,13545.7,24692796.0,182.427,9954.2,3"
34.355437,2026-09-28T12:35:54.710780+00:00,tracking_3pt,"RTD,183,21122236.0,158.625,11009.7,24702930.0,180.099,7584.1,3"
34.483270,2026-09-28T12:35:54.838614+00:00,tracking_3pt,"RTD,184,21120916.0,159.447,19362.4,24690650.0,182.234,6510.7,3"
34.547269,2026-09-28T12:35:54.902616+00:00,tracking_3pt,"RTD,185,21127848.0,159.140,5683.0,24698322.0,180.462,9172.6,3"
34.611151,2026-09-28T12:35:54.966494+00:00,tracking_3pt,"RTD,186,21124354.0,159.545,17157.6,24701258.0,181.810,9325.8,3"
34.739076,2026-09-28T12:35:55.094423+00:00,tracking_3pt,"RTD,187,21117250.0,159.493,20807.4,24693710.0,182.681,11661.1,3"
34.803237,2026-09-28T12:35:55.158582+00:00,tracking_3pt,"RTD,188,21119144.0,159.524,6399.2,24696148.0,182.217,4285.7,3"
34.867307,2026-09-28T12:35:55.222653+00:00,tracking_3pt,"RTD,189,21124626.0,159.531,13014.2,24696310.0,182.667,11566.5,3"
34.994935,2026-09-28T12:35:55.350282+00:00,tracking_3pt,"RTD,190,21110856.0,158.694,13510.8,24692636.0,182.673,2087.6,3"
35.059036,2026-09-28T12:35:55.414383+00:00,tracking_3pt,"RTD,191,21131304.0,158.556,10668.9,24706728.0,180.342,5901.4,3"
35.123052,2026-09-28T12:35:55.478403+00:00,tracking_3pt,"RTD,192,21115794.0,158.386,8515.5,24687118.0,180.482,14115.2,3"
35.250805,2026-09-28T12:35:55.606155+00:00,tracking_3pt,"RTD,193,21121928.0,159.195,5415.6,24694910.0,181.166,5444.9,3"
35.314763,2026-09-28T12:35:55.670113+00:00,tracking_3pt,"RTD,194,21123682.0,159.524,14886.2,24697324.0,182.389,1541.6,3"
35.378828,2026-09-28T12:35:55.734180+00:00,tracking_3pt,"RTD,195,21118844.0,159.501,10997.8,24696718.0,182.584,2675.8,3"
35.506604,2026-09-28T12:35:55.861954+00:00,tracking_3pt,"RTD,196,21119870.0,159.530,16453.7,24694996.0,182.690,3385.3,3"
35.570660,2026-09-28T12:35:55.926010+00:00,tracking_3pt,"RTD,197,21131184.0,159.386,26552.3,24692914.0,182.634,3205.7,3"
35.634580,2026-09-28T12:35:55.989930+00:00,tracking_3pt,"RTD,198,21113996.0,158.193,9544.0,24698714.0,180.375,11737.7,3"
35.762448,2026-09-28T12:35:56.117799+00:00,tracking_3pt,"RTD,199,21126642.0,158.580,4540.9,24694210.0,182.662,7114.7,3"
35.826482,2026-09-28T12:35:56.181834+00:00,tracking_3pt,"RTD,200,21112940.0,158.530,10470.4,24699118.0,182.196,5936.9,3"
35.890485,2026-09-28T12:35:56.245838+00:00,tracking_3pt,"RTD,201,21120094.0,158.949,15930.6,24692710.0,182.674,13947.6,3"
36.019115,2026-09-28T12:35:56.374469+00:00,tracking_3pt,"RTD,202,21132914.0,158.963,8295.8,24696026.0,181.905,7561.2,3"
36.082601,2026-09-28T12:35:56.437955+00:00,tracking_3pt,"RTD,203,21122008.0,159.134,13475.6,24697248.0,181.901,10536.9,3"
36.146317,2026-09-28T12:35:56.501670+00:00,tracking_3pt,"RTD,204,21108944.0,158.964,13321.9,24693696.0,182.681,7041.2,3"
36.274299,2026-09-28T12:35:56.629658+00:00,tracking_3pt,"RTD,205,21133576.0,156.113,16228.9,24691932.0,182.593,3381.4,3"
36.338800,2026-09-28T12:35:56.694155+00:00,tracking_3pt,"RTD,206,21123052.0,159.142,17939.3,24705586.0,178.269,10718.8,3"
36.417829,2026-09-28T12:35:56.773184+00:00,tracking_3pt,"RTD,207,21121894.0,159.525,8384.1,24690652.0,182.152,12804.1,3"
36.529053,2026-09-28T12:35:56.884410+00:00,tracking_3pt,"RTD,208,21124834.0,159.466,10576.9,24695900.0,182.250,7964.9,3"
36.593003,2026-09-28T12:35:56.948359+00:00,tracking_3pt,"RTD,209,21119490.0,159.480,18445.3,24690834.0,182.660,5107.8,3"
36.673526,2026-09-28T12:35:57.028884+00:00,tracking_3pt,"RTD,210,21121902.0,159.202,11592.5,24695394.0,182.129,2044.7,3"
36.785011,2026-09-28T12:35:57.140372+00:00,tracking_3pt,"RTD,211,21119324.0,159.525,19563.0,24696560.0,182.489,2241.2,3"
36.849017,2026-09-28T12:35:57.204378+00:00,tracking_3pt,"RTD,212,21121728.0,159.511,16389.3,24694152.0,182.383,10752.1,3"
36.928735,2026-09-28T12:35:57.284094+00:00,tracking_3pt,"RTD,213,21109624.0,158.592,9239.3,24692788.0,182.456,7289.4,3"
37.041286,2026-09-28T12:35:57.396646+00:00,tracking_3pt,"RTD,214,21127906.0,158.832,8680.3,24693830.0,182.515,153.3,3"
37.105423,2026-09-28T12:35:57.460782+00:00,tracking_3pt,"RTD,215,21121218.0,159.338,17067.8,24691156.0,182.558,9165.9,3"
37.185268,2026-09-28T12:35:57.540627+00:00,tracking_3pt,"RTD,216,21117276.0,159.510,12639.8,24695946.0,181.365,10386.5,3"
37.296535,2026-09-28T12:35:57.651896+00:00,tracking_3pt,"RTD,217,21114682.0,159.428,16361.8,24702704.0,182.037,2694.5,3"
37.376493,2026-09-28T12:35:57.731853+00:00,tracking_3pt,"RTD,218,21124278.0,158.976,17721.5,24696368.0,182.701,6745.1,3"
37.440496,2026-09-28T12:35:57.795858+00:00,tracking_3pt,"RTD,219,21117530.0,159.351,20058.0,24701604.0,181.888,5364.3,3"
37.552343,2026-09-28T12:35:57.907704+00:00,tracking_3pt,"RTD,220,21133120.0,157.994,20229.3,24690420.0,182.503,9652.0,3"
37.633002,2026-09-28T12:35:57.988369+00:00,tracking_3pt,"RTD,221,21122096.0,159.027,9359.3,24696620.0,181.828,4859.3,3"
37.696347,2026-09-28T12:35:58.051709+00:00,tracking_3pt,"RTD,222,21131772.0,159.219,23339.5,24689138.0,182.629,6321.5,3"
37.808452,2026-09-28T12:35:58.163817+00:00,tracking_3pt,"RTD,223,21108256.0,157.816,17517.3,24695012.0,181.206,7806.8,3"
37.888859,2026-09-28T12:35:58.244222+00:00,tracking_3pt,"RTD,224,21128776.0,156.869,8155.0,24698154.0,181.879,8200.9,3"
37.952677,2026-09-28T12:35:58.308041+00:00,tracking_3pt,"RTD,225,21122700.0,159.526,12565.4,24689762.0,182.590,5798.3,3"
38.063965,2026-09-28T12:35:58.419329+00:00,tracking_3pt,"RTD,226,21120448.0,159.497,17814.5,24698518.0,180.482,9064.1,3"
38.143888,2026-09-28T12:35:58.499253+00:00,tracking_3pt,"RTD,227,21125980.0,159.474,14205.1,24696622.0,182.272,12469.2,3"
38.207921,2026-09-28T12:35:58.563286+00:00,tracking_3pt,"RTD,228,21120594.0,159.461,12411.9,24697806.0,182.210,6983.7,3"
38.335585,2026-09-28T12:35:58.690953+00:00,tracking_3pt,"RTD,229,21122304.0,159.520,22848.5,24691712.0,182.611,1323.7,3"
38.399232,2026-09-28T12:35:58.754599+00:00,tracking_3pt,"RTD,230,21120266.0,159.377,4360.5,24693640.0,181.740,10196.0,3"
38.462803,2026-09-28T12:35:58.818169+00:00,tracking_3pt,"RTD,231,21117158.0,159.509,15299.7,24686988.0,182.534,2408.8,3"
38.590712,2026-09-28T12:35:58.946079+00:00,tracking_3pt,"RTD,232,21123564.0,159.306,5107.3,24697428.0,178.704,12407.9,3"
38.654723,2026-09-28T12:35:59.010093+00:00,tracking_3pt,"RTD,233,21119954.0,159.530,20627.5,24698256.0,182.269,6953.5,3"
38.718687,2026-09-28T12:35:59.074057+00:00,tracking_3pt,"RTD,234,21118664.0,159.502,10211.4,24696156.0,182.379,10928.6,3"
38.846672,2026-09-28T12:35:59.202045+00:00,tracking_3pt,"RTD,235,21120524.0,159.535,21614.0,24698042.0,181.749,10964.6,3"
38.910562,2026-09-28T12:35:59.265932+00:00,tracking_3pt,"RTD,236,21112972.0,159.146,14389.1,24694668.0,182.624,6411.2,3"
38.974683,2026-09-28T12:35:59.330053+00:00,tracking_3pt,"RTD,237,21137058.0,154.913,6839.7,24692386.0,182.265,12212.8,3"
39.102977,2026-09-28T12:35:59.458347+00:00,tracking_3pt,"RTD,238,21118788.0,158.662,17275.8,24694598.0,181.848,8984.8,3"
39.167089,2026-09-28T12:35:59.522460+00:00,tracking_3pt,"RTD,239,21123030.0,159.432,9208.9,24696176.0,182.486,1815.6,3"
39.230321,2026-09-28T12:35:59.585691+00:00,tracking_3pt,"RTD,240,21116628.0,159.471,17531.7,24693844.0,182.585,12178.1,3"
39.358199,2026-09-28T12:35:59.713570+00:00,tracking_3pt,"RTD,241,21124984.0,159.189,11058.7,24691690.0,182.544,5480.8,3"
39.422414,2026-09-28T12:35:59.777786+00:00,tracking_3pt,"RTD,242,21114052.0,158.934,8916.7,24694010.0,181.915,7738.3,3"
39.486903,2026-09-28T12:35:59.842275+00:00,tracking_3pt,"RTD,243,21127764.0,159.115,19131.4,24702464.0,181.054,5235.5,3"
39.614826,2026-09-28T12:35:59.970200+00:00,tracking_3pt,"RTD,244,21115028.0,159.240,17475.3,24691176.0,182.499,7301.6,3"
39.678033,2026-09-28T12:36:00.033406+00:00,tracking_3pt,"RTD,245,21121270.0,159.259,3892.1,24697510.0,181.987,9416.0,3"
39.742027,2026-09-28T12:36:00.097405+00:00,tracking_3pt,"RTD,246,21127328.0,159.188,11100.7,24691248.0,182.663,11081.8,3"
39.869967,2026-09-28T12:36:00.225342+00:00,tracking_3pt,"RTD,247,21115114.0,159.003,19004.2,24697516.0,182.177,4673.6,3"
39.933918,2026-09-28T12:36:00.289297+00:00,tracking_3pt,"RTD,248,21129690.0,158.693,10464.9,24698844.0,181.910,13108.2,3"
39.997924,2026-09-28T12:36:00.353302+00:00,tracking_3pt,"RTD,249,21121042.0,159.320,11372.2,24693894.0,182.608,10856.5,3"
40.125849,2026-09-28T12:36:00.481228+00:00,tracking_3pt,"RTD,250,21118148.0,159.417,14061.0,24697480.0,180.666,13859.7,3"
40.190519,2026-09-28T12:36:00.545895+00:00,tracking_3pt,"RTD,251,21128364.0,158.351,13602.6,24697960.0,182.552,6214.2,3"
40.270425,2026-09-28T12:36:00.625801+00:00,tracking_3pt,"RTD,252,21115506.0,159.322,22225.9,24692838.0,182.649,10437.0,3"
40.381786,2026-09-28T12:36:00.737162+00:00,tracking_3pt,"RTD,253,21119202.0,159.504,6915.1,24692566.0,182.594,10171.9,3"
40.445639,2026-09-28T12:36:00.801019+00:00,tracking_3pt,"RTD,254,21112748.0,159.201,4867.2,24699324.0,181.747,5080.7,3"
40.525497,2026-09-28T12:36:00.880877+00:00,tracking_3pt,"RTD,255,21123478.0,158.960,11571.1,24691836.0,182.527,2107.7,3"
40.638140,2026-09-28T12:36:00.993521+00:00,tracking_3pt,"RTD,256,21129738.0,159.441,20651.7,24699402.0,180.474,9142.3,3"
40.702107,2026-09-28T12:36:01.057489+00:00,tracking_3pt,"RTD,257,21128584.0,159.575,11732.8,24695004.0,182.690,9070.6,3"
40.782087,2026-09-28T12:36:01.137468+00:00,tracking_3pt,"RTD,258,21124224.0,159.562,14978.2,24694544.0,182.671,5027.4,3"
40.893290,2026-09-28T12:36:01.248670+00:00,tracking_3pt,"RTD,259,21119872.0,159.387,20632.1,24695566.0,182.590,4518.4,3"
40.957459,2026-09-28T12:36:01.312840+00:00,tracking_3pt,"RTD,260,21121972.0,159.545,7442.5,24694832.0,182.649,3451.5,3"
41.037135,2026-09-28T12:36:01.392517+00:00,tracking_3pt,"RTD,261,21121890.0,159.545,23133.5,24699698.0,181.882,4340.4,3"
41.149157,2026-09-28T12:36:01.504542+00:00,tracking_3pt,"RTD,262,21115110.0,159.404,13646.5,24699606.0,182.348,8073.6,3"
41.213087,2026-09-28T12:36:01.568469+00:00,tracking_3pt,"RTD,263,21129954.0,158.716,4940.7,24686938.0,182.389,9160.9,3"
41.293027,2026-09-28T12:36:01.648409+00:00,tracking_3pt,"RTD,264,21118206.0,158.854,13596.4,24692942.0,181.989,5739.6,3"
41.405014,2026-09-28T12:36:01.760400+00:00,tracking_3pt,"RTD,265,21125208.0,158.849,22232.4,24694752.0,182.016,7767.0,3"
41.484905,2026-09-28T12:36:01.840292+00:00,tracking_3pt,"RTD,266,21122304.0,159.513,20484.1,24699716.0,181.638,6284.9,3"
41.548789,2026-09-28T12:36:01.904174+00:00,tracking_3pt,"RTD,267,21116336.0,159.062,4755.5,24700210.0,182.021,11248.1,3"
41.660766,2026-09-28T12:36:02.016150+00:00,tracking_3pt,"RTD,268,21125662.0,159.250,21018.1,24700860.0,182.515,3041.0,3"
41.740845,2026-09-28T12:36:02.096231+00:00,tracking_3pt,"RTD,269,21129170.0,159.205,10266.4,24692946.0,182.581,7387.4,3"
41.805448,2026-09-28T12:36:02.160833+00:00,tracking_3pt,"RTD,270,21109758.0,158.422,15386.2,24704188.0,181.067,4082.5,3"
41.916945,2026-09-28T12:36:02.272330+00:00,tracking_3pt,"RTD,271,21126820.0,159.267,15702.4,24696786.0,182.704,10721.6,3"
41.997269,2026-09-28T12:36:02.352656+00:00,tracking_3pt,"RTD,272,21124884.0,159.469,18945.9,24691984.0,182.554,8609.8,3"
42.060535,2026-09-28T12:36:02.415922+00:00,tracking_3pt,"RTD,273,21124178.0,159.562,8755.6,24703736.0,179.834,8944.9,3"
42.173322,2026-09-28T12:36:02.528714+00:00,tracking_3pt,"RTD,274,21127682.0,159.204,13290.4,24693036.0,182.401,2714.5,3"
42.252416,2026-09-28T12:36:02.607804+00:00,tracking_3pt,"RTD,275,21118196.0,159.428,22593.8,24701384.0,181.431,3726.3,3"
42.316399,2026-09-28T12:36:02.671790+00:00,tracking_3pt,"RTD,276,21133566.0,158.577,11018.8,24702786.0,182.380,4953.9,3"
42.428323,2026-09-28T12:36:02.783713+00:00,tracking_3pt,"RTD,277,21118170.0,157.954,7307.5,24701230.0,182.600,6774.8,3"
42.508364,2026-09-28T12:36:02.863758+00:00,tracking_3pt,"RTD,278,21119314.0,159.435,8743.5,24695188.0,182.692,8917.8,3"
42.572221,2026-09-28T12:36:02.927612+00:00,tracking_3pt,"RTD,279,21118886.0,159.370,15372.9,24694148.0,182.632,8133.1,3"
42.673906,2026-09-28T12:36:03.029299+00:00,command,rtrack stop
42.700150,2026-09-28T12:36:03.055540+00:00,stop_3pt,"RTD,280,21121024.0,159.454,17023.3,24696204.0,182.096,6737.6,3"
42.700200,2026-09-28T12:36:03.055583+00:00,stop_3pt,rtrack stop
42.764058,2026-09-28T12:36:03.119448+00:00,stop_3pt,"RTD,281,21125726.0,159.295,17280.9,24695586.0,182.323,8732.4,3"
42.764110,2026-09-28T12:36:03.119493+00:00,stop_3pt,"RTA,stopped"
43.174868,2026-09-28T12:36:03.530262+00:00,command,rtrack points 5
43.175262,2026-09-28T12:36:03.530650+00:00,command,rtrack debug 1
43.175613,2026-09-28T12:36:03.531004+00:00,command,rtrack once
43.195907,2026-09-28T12:36:03.551299+00:00,complex_debug_frame,ch> rtrack points 5
43.227950,2026-09-28T12:36:03.583342+00:00,complex_debug_frame,"RTA,points,5"
43.228002,2026-09-28T12:36:03.583388+00:00,complex_debug_frame,ch> rtrack debug 1
43.547631,2026-09-28T12:36:03.903027+00:00,complex_debug_frame,"RTA,debug,1"
43.547685,2026-09-28T12:36:03.903073+00:00,complex_debug_frame,ch> rtrack once
43.963596,2026-09-28T12:36:04.318994+00:00,complex_debug_frame,"RTM,282,1,-2,20993338,1.624619264,-1.175637728"
43.979476,2026-09-28T12:36:04.334873+00:00,complex_debug_frame,"RTM,282,1,-1,21059532,1.621577600,-1.178968432"
44.010404,2026-09-28T12:36:04.365801+00:00,complex_debug_frame,"RTM,282,1,0,21125726,1.619028928,-1.181809904"
44.010457,2026-09-28T12:36:04.365847+00:00,complex_debug_frame,"RTM,282,1,1,21191920,1.617077568,-1.185136192"
44.010464,2026-09-28T12:36:04.365854+00:00,complex_debug_frame,"RTM,282,1,2,21258114,1.614686720,-1.189175840"
44.041375,2026-09-28T12:36:04.396774+00:00,complex_debug_frame,"RTQ,282,1,0.000127,1.001,-7001.6,5526.7,0"
44.041430,2026-09-28T12:36:04.396821+00:00,complex_debug_frame,"RTM,282,2,-2,24560412,1.439685216,-1.390765312"
44.072342,2026-09-28T12:36:04.427739+00:00,complex_debug_frame,"RTM,282,2,-1,24628000,1.434818016,-1.394385344"
44.072391,2026-09-28T12:36:04.427781+00:00,complex_debug_frame,"RTM,282,2,0,24695586,1.430696128,-1.397619008"
44.072397,2026-09-28T12:36:04.427788+00:00,complex_debug_frame,"RTM,282,2,1,24763172,1.427376736,-1.401885984"
44.103959,2026-09-28T12:36:04.459357+00:00,complex_debug_frame,"RTM,282,2,2,24830760,1.423380864,-1.406798112"
44.104017,2026-09-28T12:36:04.459408+00:00,complex_debug_frame,"RTQ,282,2,0.000068,0.993,-14095.8,4797.4,0"
44.119276,2026-09-28T12:36:04.474674+00:00,complex_debug_frame,"RTD,282,21118724.0,80.761,5526.7,24681490.0,92.228,4797.4,5"
44.119521,2026-09-28T12:36:04.474913+00:00,command,rtrack debug 0
44.119619,2026-09-28T12:36:04.475013+00:00,command,rtrack status
44.119787,2026-09-28T12:36:04.475178+00:00,command,bandwidth
44.135891,2026-09-28T12:36:04.491289+00:00,final,ch> rtrack debug 0
44.215207,2026-09-28T12:36:04.570605+00:00,final,"RTA,debug,0"
44.215258,2026-09-28T12:36:04.570650+00:00,final,ch> rtrack status
44.598980,2026-09-28T12:36:04.954380+00:00,final,"RTS,1,0,2,5,0,20000000,26000000,21118724.0,24681490.0,106.360,91.335"
44.599022,2026-09-28T12:36:04.954416+00:00,final,ch> bandwidth
44.615011,2026-09-28T12:36:04.970411+00:00,final,bandwidth 39 (100Hz)
45.139888,2026-09-28T12:36:05.495291+00:00,command,rtrack stop
45.140028,2026-09-28T12:36:05.495429+00:00,command,rtrack debug 0
