"sequence","sensor_id","tracker_points","offset","frequency_hz","gamma_re","gamma_im"
"3","1","5","-2","24622600","0.671746","2.183571"
"3","1","5","-1","24675708","0.664404","2.187593"
"3","1","5","0","24728814","0.657019","2.19069"
"3","1","5","1","24781920","0.648563","2.19346"
"3","1","5","2","24835028","0.639712","2.196206"
"3","2","5","-2","24866968","0.634363","2.197581"
"3","2","5","-1","24884360","0.63142","2.1986"
"3","2","5","0","24901752","0.628538","2.200735"
"3","2","5","1","24919146","0.625562","2.202004"
"3","2","5","2","24936540","0.62271","2.203199"
"9","1","5","-2","24522028","0.686703","2.17492"
"9","1","5","-1","24575136","0.678445","2.179526"
"9","1","5","0","24628242","0.670663","2.183751"
"9","1","5","1","24681348","0.663599","2.187055"
"9","1","5","2","24734456","0.656064","2.189988"
"9","2","5","-2","24855726","0.63636","2.197558"
"9","2","5","-1","24873120","0.633525","2.198949"
"9","2","5","0","24890512","0.63056","2.200061"
"9","2","5","1","24907904","0.627414","2.20107"
"9","2","5","2","24925298","0.624339","2.202494"
"75","1","5","-2","24759344","0.652283","2.191352"
"75","1","5","-1","24812452","0.643573","2.194246"
"75","1","5","0","24865558","0.63464","2.198087"
"75","1","5","1","24918664","0.625679","2.202016"
"75","1","5","2","24971772","0.616677","2.205565"
"75","2","5","-2","24858348","0.635807","2.198039"
"75","2","5","-1","24875740","0.632845","2.1992"
"75","2","5","0","24893132","0.629804","2.199672"
"75","2","5","1","24910526","0.626955","2.200428"
"75","2","5","2","24927920","0.624072","2.201491"
"87","1","5","-2","24620528","0.671793","2.183394"
"87","1","5","-1","24673636","0.664601","2.187403"
"87","1","5","0","24726742","0.657108","2.189768"
"87","1","5","1","24779848","0.648926","2.192327"
"87","1","5","2","24832956","0.640204","2.195749"
"87","2","5","-2","24865396","0.634856","2.198512"
"87","2","5","-1","24882788","0.631761","2.199685"
"87","2","5","0","24900180","0.628846","2.200738"
"87","2","5","1","24917574","0.625607","2.20195"
"87","2","5","2","24934968","0.622709","2.202931"
"126","1","5","-2","24766352","0.651218","2.192696"
"126","1","5","-1","24819460","0.642475","2.195634"
"126","1","5","0","24872568","0.633447","2.198901"
"126","1","5","1","24925674","0.624271","2.202625"
"126","1","5","2","24978780","0.615276","2.205814"
"126","2","5","-2","24885824","0.631147","2.198742"
"126","2","5","-1","24903216","0.628224","2.199802"
"126","2","5","0","24920610","0.625337","2.201844"
"126","2","5","1","24938004","0.622404","2.20338"
"126","2","5","2","24955396","0.61942","2.204439"
"130","1","5","-2","24777320","0.649406","2.193298"
"130","1","5","-1","24830428","0.640683","2.196201"
"130","1","5","0","24883534","0.631317","2.199784"
"130","1","5","1","24936640","0.622375","2.203286"
"130","1","5","2","24989748","0.613479","2.205856"
"130","2","5","-2","24872924","0.63346","2.197889"
"130","2","5","-1","24890316","0.630381","2.199456"
"130","2","5","0","24907710","0.627611","2.201348"
"130","2","5","1","24925104","0.624468","2.202485"
"130","2","5","2","24942496","0.621512","2.203568"
"147","1","5","-2","24615868","0.672586","2.182994"
"147","1","5","-1","24668974","0.665249","2.187254"
"147","1","5","0","24722080","0.657915","2.189495"
"147","1","5","1","24775188","0.64979","2.192148"
"147","1","5","2","24828296","0.641061","2.195259"
"147","2","5","-2","24875748","0.633062","2.199269"
"147","2","5","-1","24893140","0.630041","2.200379"
"147","2","5","0","24910534","0.626925","2.201282"
"147","2","5","1","24927928","0.624021","2.202669"
"147","2","5","2","24945320","0.620936","2.203234"
"150","1","5","-2","24672624","0.66469","2.187509"
"150","1","5","-1","24725732","0.657243","2.190196"
"150","1","5","0","24778840","0.649063","2.192379"
"150","1","5","1","24831946","0.640329","2.195385"
"150","1","5","2","24885052","0.631392","2.199678"
"150","2","5","-2","24831676","0.640493","2.196417"
"150","2","5","-1","24849070","0.637491","2.197434"
"150","2","5","0","24866464","0.634424","2.198584"
"150","2","5","1","24883856","0.631407","2.199854"
"150","2","5","2","24901248","0.628446","2.200016"
"152","1","5","-2","24567572","0.679746","2.178203"
"152","1","5","-1","24620680","0.672036","2.183465"
"152","1","5","0","24673788","0.664755","2.187493"
"152","1","5","1","24726894","0.657245","2.190701"
"152","1","5","2","24780000","0.648875","2.193556"
"152","2","5","-2","24831676","0.640222","2.1962"
"152","2","5","-1","24849070","0.637366","2.196518"
"152","2","5","0","24866464","0.634506","2.197655"
"152","2","5","1","24883856","0.631619","2.199541"
"152","2","5","2","24901248","0.628731","2.200957"
"159","1","5","-2","24516788","0.687371","2.174615"
"159","1","5","-1","24569896","0.679272","2.179023"
"159","1","5","0","24623004","0.671514","2.182791"
"159","1","5","1","24676110","0.664374","2.186757"
"159","1","5","2","24729216","0.656946","2.190144"
"159","2","5","-2","24887840","0.631027","2.19998"
"159","2","5","-1","24905232","0.628038","2.201197"
"159","2","5","0","24922624","0.624912","2.202201"
"159","2","5","1","24940018","0.621828","2.203626"
"159","2","5","2","24957412","0.61891","2.204285"
"160","1","5","-2","24624828","0.671319","2.182794"
"160","1","5","-1","24677936","0.664018","2.186868"
"160","1","5","0","24731044","0.656752","2.190983"
"160","1","5","1","24784150","0.648448","2.193718"
"160","1","5","2","24837256","0.63957","2.196695"
"160","2","5","-2","24887840","0.630743","2.200078"
"160","2","5","-1","24905232","0.627762","2.20108"
"160","2","5","0","24922624","0.62498","2.201322"
"160","2","5","1","24940018","0.621971","2.202282"
"160","2","5","2","24957412","0.61899","2.203997"
"165","1","5","-2","24557616","0.681237","2.177968"
"165","1","5","-1","24610722","0.673436","2.182638"
"165","1","5","0","24663828","0.666062","2.186791"
"165","1","5","1","24716936","0.658582","2.190165"
"165","1","5","2","24770044","0.650313","2.193095"
"165","2","5","-2","24889448","0.630552","2.199145"
"165","2","5","-1","24906840","0.627726","2.20018"
"165","2","5","0","24924232","0.624669","2.201444"
"165","2","5","1","24941626","0.621873","2.20363"
"165","2","5","2","24959020","0.618794","2.204841"
"168","1","5","-2","24528740","0.685759","2.175642"
"168","1","5","-1","24581846","0.677632","2.18009"
"168","1","5","0","24634952","0.669803","2.184653"
"168","1","5","1","24688060","0.662597","2.188388"
"168","1","5","2","24741168","0.65502","2.19053"
"168","2","5","-2","24892948","0.629934","2.199321"
"168","2","5","-1","24910340","0.62699","2.200982"
"168","2","5","0","24927732","0.624202","2.202763"
"168","2","5","1","24945126","0.621199","2.203874"
"168","2","5","2","24962520","0.618023","2.204947"
"176","1","5","-2","24582822","0.677363","2.180203"
"176","1","5","-1","24635928","0.669809","2.184722"
"176","1","5","0","24689036","0.662515","2.187683"
"176","1","5","1","24742144","0.654982","2.190508"
"176","1","5","2","24795250","0.646608","2.193444"
"176","2","5","-2","24881208","0.632172","2.199632"
"176","2","5","-1","24898602","0.629181","2.200795"
"176","2","5","0","24915996","0.626106","2.201825"
"176","2","5","1","24933388","0.623086","2.203096"
"176","2","5","2","24950780","0.620034","2.203873"
"211","1","5","-2","24505764","0.689173","2.173769"
"211","1","5","-1","24558870","0.68106","2.178231"
"211","1","5","0","24611976","0.673103","2.182634"
"211","1","5","1","24665084","0.665763","2.186871"
"211","1","5","2","24718192","0.658383","2.189737"
"211","2","5","-2","24770884","0.650328","2.191909"
"211","2","5","-1","24788278","0.647581","2.192881"
"211","2","5","0","24805672","0.644782","2.194658"
"211","2","5","1","24823064","0.641903","2.195945"
"211","2","5","2","24840456","0.639047","2.19697"
"212","1","5","-2","24505764","0.689189","2.173697"
"212","1","5","-1","24558870","0.681","2.178084"
"212","1","5","0","24611976","0.673021","2.182708"
"212","1","5","1","24665084","0.665697","2.186662"
"212","1","5","2","24718192","0.658427","2.189189"
"212","2","5","-2","24752616","0.653319","2.190896"
"212","2","5","-1","24770008","0.650642","2.192712"
"212","2","5","0","24787400","0.647894","2.19381"
"212","2","5","1","24804794","0.644996","2.194932"
"212","2","5","2","24822188","0.641866","2.195793"
"223","1","5","-2","24449396","0.697877","2.169098"
"223","1","5","-1","24502504","0.689652","2.173426"
"223","1","5","0","24555612","0.681376","2.177895"
"223","1","5","1","24608718","0.673416","2.182372"
"223","1","5","2","24661824","0.666159","2.185821"
"223","2","5","-2","24741212","0.65512","2.190387"
"223","2","5","-1","24758606","0.652412","2.191662"
"223","2","5","0","24776000","0.649695","2.193217"
"223","2","5","1","24793392","0.646797","2.194274"
"223","2","5","2","24810784","0.643793","2.19506"
"226","1","5","-2","24542002","0.683418","2.176046"
"226","1","5","-1","24595108","0.675554","2.181354"
"226","1","5","0","24648216","0.668058","2.185672"
"226","1","5","1","24701324","0.660848","2.189219"
"226","1","5","2","24754430","0.652948","2.192171"
"226","2","5","-2","24732152","0.656277","2.190543"
"226","2","5","-1","24749544","0.653769","2.190883"
"226","2","5","0","24766936","0.651035","2.191584"
"226","2","5","1","24784330","0.64831","2.193424"
"226","2","5","2","24801724","0.645421","2.1946"
"262","1","5","-2","24771472","0.650366","2.193058"
"262","1","5","-1","24824580","0.641611","2.195978"
"262","1","5","0","24877686","0.632374","2.199544"
"262","1","5","1","24930792","0.623336","2.202959"
"262","1","5","2","24983900","0.6144","2.205524"
"262","2","5","-2","24728440","0.657053","2.189739"
"262","2","5","-1","24745832","0.654408","2.190967"
"262","2","5","0","24763224","0.651728","2.192629"
"262","2","5","1","24780618","0.649032","2.193542"
"262","2","5","2","24798012","0.646057","2.194467"
"270","1","5","-2","24621378","0.671618","2.183352"
"270","1","5","-1","24674484","0.664462","2.186688"
"270","1","5","0","24727592","0.657059","2.189758"
"270","1","5","1","24780700","0.648842","2.193164"
"270","1","5","2","24833806","0.640108","2.196508"
"270","2","5","-2","24722072","0.658013","2.190542"
"270","2","5","-1","24739464","0.655223","2.191339"
"270","2","5","0","24756858","0.652458","2.192498"
"270","2","5","1","24774252","0.649675","2.192595"
"270","2","5","2","24791644","0.647025","2.193033"
"273","1","5","-2","24632058","0.670218","2.184405"
"273","1","5","-1","24685164","0.662939","2.188265"
"273","1","5","0","24738272","0.655435","2.190479"
"273","1","5","1","24791380","0.647203","2.193066"
"273","1","5","2","24844486","0.638224","2.196331"
"273","2","5","-2","24731758","0.656556","2.190989"
"273","2","5","-1","24749152","0.653986","2.191984"
"273","2","5","0","24766544","0.651109","2.192688"
"273","2","5","1","24783936","0.648146","2.193764"
"273","2","5","2","24801330","0.645283","2.194465"
"285","1","5","-2","24622380","0.671575","2.182702"
"285","1","5","-1","24675486","0.664355","2.186693"
"285","1","5","0","24728592","0.65695","2.190382"
"285","1","5","1","24781700","0.648715","2.19366"
"285","1","5","2","24834808","0.639945","2.196605"
"285","2","5","-2","24715906","0.658728","2.190067"
"285","2","5","-1","24733300","0.656014","2.191132"
"285","2","5","0","24750692","0.653468","2.191145"
"285","2","5","1","24768084","0.650856","2.191749"
"285","2","5","2","24785478","0.648051","2.192622"
"294","1","5","-2","24579560","0.677835","2.17987"
"294","1","5","-1","24632668","0.67011","2.184601"
"294","1","5","0","24685776","0.662856","2.187776"
"294","1","5","1","24738882","0.655442","2.190367"
"294","1","5","2","24791988","0.646954","2.193161"
"294","2","5","-2","24688752","0.662758","2.188515"
"294","2","5","-1","24706146","0.660215","2.189464"
"294","2","5","0","24723540","0.657736","2.190515"
"294","2","5","1","24740932","0.654959","2.191479"
"294","2","5","2","24758324","0.652384","2.192181"
"311","1","5","-2","24703440","0.660564","2.189277"
"311","1","5","-1","24756548","0.652636","2.192331"
"311","1","5","0","24809654","0.643895","2.194748"
"311","1","5","1","24862760","0.635006","2.197352"
"311","1","5","2","24915868","0.626082","2.200879"
"311","2","5","-2","24632572","0.670305","2.18432"
"311","2","5","-1","24649964","0.668074","2.18578"
"311","2","5","0","24667358","0.66548","2.187025"
"311","2","5","1","24684752","0.663009","2.188253"
"311","2","5","2","24702144","0.660639","2.189311"
"362","1","5","-2","24744996","0.654626","2.191582"
"362","1","5","-1","24798104","0.6461","2.194371"
"362","1","5","0","24851210","0.636944","2.197523"
"362","1","5","1","24904316","0.627928","2.201041"
"362","1","5","2","24957424","0.61876","2.203855"
"362","2","5","-2","24547466","0.682708","2.176116"
"362","2","5","-1","24564860","0.6801","2.177516"
"362","2","5","0","24582252","0.677484","2.180084"
"362","2","5","1","24599644","0.67499","2.181612"
"362","2","5","2","24617038","0.672541","2.183001"
"369","1","5","-2","24770336","0.650668","2.192981"
"369","1","5","-1","24823442","0.641884","2.195884"
"369","1","5","0","24876548","0.632749","2.199077"
"369","1","5","1","24929656","0.62354","2.202754"
"369","1","5","2","24982764","0.61457","2.206185"
"369","2","5","-2","24534226","0.684788","2.175023"
"369","2","5","-1","24551620","0.682029","2.176499"
"369","2","5","0","24569012","0.679505","2.178338"
"369","2","5","1","24586404","0.676884","2.18045"
"369","2","5","2","24603798","0.674343","2.181936"
"372","1","5","-2","24777752","0.649405","2.193234"
"372","1","5","-1","24830860","0.640532","2.196245"
"372","1","5","0","24883966","0.631503","2.199418"
"372","1","5","1","24937072","0.622285","2.203235"
"372","1","5","2","24990180","0.613203","2.206572"
"372","2","5","-2","24521020","0.686776","2.173984"
"372","2","5","-1","24538412","0.68411","2.175357"
"372","2","5","0","24555804","0.681568","2.177471"
"372","2","5","1","24573198","0.678897","2.179351"
"372","2","5","2","24590592","0.676277","2.180841"
"375","1","5","-2","24779888","0.648943","2.192375"
"375","1","5","-1","24832996","0.640091","2.195391"
"375","1","5","0","24886102","0.631266","2.19983"
"375","1","5","1","24939208","0.62219","2.203271"
"375","1","5","2","24992316","0.613071","2.206985"
"375","2","5","-2","24503518","0.689438","2.173445"
"375","2","5","-1","24520912","0.686752","2.174895"
"375","2","5","0","24538304","0.684088","2.17557"
"375","2","5","1","24555696","0.681535","2.17679"
"375","2","5","2","24573090","0.67891","2.178283"
"379","1","5","-2","24633014","0.670218","2.18438"
"379","1","5","-1","24686120","0.663","2.188161"
"379","1","5","0","24739228","0.655476","2.191225"
"379","1","5","1","24792336","0.646822","2.193985"
"379","1","5","2","24845442","0.637914","2.197085"
"379","2","5","-2","24543142","0.683214","2.175937"
"379","2","5","-1","24560536","0.680789","2.177262"
"379","2","5","0","24577928","0.678217","2.178811"
"379","2","5","1","24595320","0.675704","2.181186"
"379","2","5","2","24612714","0.673107","2.182653"
"382","1","5","-2","24563312","0.680233","2.177495"
"382","1","5","-1","24616418","0.672372","2.182158"
"382","1","5","0","24669524","0.665246","2.187185"
"382","1","5","1","24722632","0.657874","2.190328"
"382","1","5","2","24775740","0.649691","2.193037"
"382","2","5","-2","24545902","0.68287","2.177028"
"382","2","5","-1","24563296","0.680171","2.178396"
"382","2","5","0","24580688","0.677586","2.179107"
"382","2","5","1","24598080","0.675198","2.180397"
"382","2","5","2","24615474","0.672621","2.182181"
"393","1","5","-2","24509562","0.688452","2.174029"
"393","1","5","-1","24562668","0.680279","2.177833"
"393","1","5","0","24615776","0.672544","2.18195"
"393","1","5","1","24668884","0.665284","2.186108"
"393","1","5","2","24721990","0.657984","2.190318"
"393","2","5","-2","24541250","0.683724","2.176591"
"393","2","5","-1","24558644","0.681139","2.178042"
"393","2","5","0","24576036","0.678334","2.179546"
"393","2","5","1","24593428","0.675769","2.181119"
"393","2","5","2","24610822","0.673249","2.18164"
"408","1","5","-2","24572556","0.678889","2.179238"
"408","1","5","-1","24625664","0.671069","2.183538"
"408","1","5","0","24678772","0.663916","2.186867"
"408","1","5","1","24731878","0.656469","2.189866"
"408","1","5","2","24784984","0.648174","2.193258"
"408","2","5","-2","24546804","0.682925","2.177108"
"408","2","5","-1","24564196","0.680183","2.178575"
"408","2","5","0","24581588","0.677428","2.179819"
"408","2","5","1","24598982","0.67495","2.181508"
"408","2","5","2","24616376","0.672342","2.18263"
"428","1","5","-2","24804620","0.645071","2.194819"
"428","1","5","-1","24857726","0.635957","2.197933"
"428","1","5","0","24910832","0.62674","2.201585"
"428","1","5","1","24963940","0.617739","2.20483"
"428","1","5","2","25017048","0.608802","2.207758"
"428","2","5","-2","24499396","0.69016","2.172143"
"428","2","5","-1","24516788","0.687425","2.174435"
"428","2","5","0","24534180","0.684774","2.176132"
"428","2","5","1","24551574","0.682215","2.177577"
"428","2","5","2","24568968","0.679398","2.178949"
"451","1","5","-2","24617738","0.672214","2.183136"
"451","1","5","-1","24670844","0.664935","2.187265"
"451","1","5","0","24723952","0.657557","2.189609"
"451","1","5","1","24777060","0.64947","2.192281"
"451","1","5","2","24830166","0.640651","2.195285"
"451","2","5","-2","24513468","0.688013","2.174257"
"451","2","5","-1","24530862","0.685406","2.175742"
"451","2","5","0","24548256","0.682717","2.177123"
"451","2","5","1","24565648","0.679933","2.178697"
"451","2","5","2","24583040","0.677299","2.180143"
"463","1","5","-2","24625982","0.671102","2.18372"
"463","1","5","-1","24679088","0.663799","2.187875"
"463","1","5","0","24732196","0.656387","2.190214"
"463","1","5","1","24785302","0.648085","2.192683"
"463","1","5","2","24838408","0.639308","2.195782"
"463","2","5","-2","24483788","0.692639","2.171893"
"463","2","5","-1","24501180","0.689905","2.173184"
"463","2","5","0","24518572","0.687155","2.174728"
"463","2","5","1","24535966","0.68439","2.17623"
"463","2","5","2","24553360","0.681741","2.177705"
"469","1","5","-2","24633220","0.670097","2.184434"
"469","1","5","-1","24686326","0.662808","2.188365"
"469","1","5","0","24739432","0.655118","2.190539"
"469","1","5","1","24792540","0.646798","2.19305"
"469","1","5","2","24845648","0.637997","2.196364"
"469","2","5","-2","24443624","0.698896","2.168605"
"469","2","5","-1","24461016","0.696187","2.170051"
"469","2","5","0","24478410","0.69353","2.171315"
"469","2","5","1","24495804","0.690715","2.172796"
"469","2","5","2","24513196","0.687904","2.174121"
"472","1","5","-2","24607828","0.673628","2.182306"
"472","1","5","-1","24660934","0.666269","2.186555"
"472","1","5","0","24714040","0.658995","2.189055"
"472","1","5","1","24767148","0.651082","2.191727"
"472","1","5","2","24820256","0.642319","2.194939"
"472","2","5","-2","24401360","0.705442","2.165245"
"472","2","5","-1","24418752","0.702803","2.166608"
"472","2","5","0","24436144","0.700055","2.167944"
"472","2","5","1","24453538","0.697265","2.169509"
"472","2","5","2","24470932","0.694487","2.170458"
"475","1","5","-2","24687360","0.662719","2.18838"
"475","1","5","-1","24740466","0.655093","2.191383"
"475","1","5","0","24793572","0.646636","2.193384"
"475","1","5","1","24846680","0.637728","2.196345"
"475","1","5","2","24899788","0.628921","2.199988"
"475","2","5","-2","24359094","0.712029","2.161912"
"475","2","5","-1","24376488","0.709315","2.16337"
"475","2","5","0","24393880","0.706722","2.164659"
"475","2","5","1","24411272","0.703842","2.166092"
"475","2","5","2","24428666","0.701049","2.167261"
"510","1","5","-2","25307916","0.558514","2.227772"
"510","1","5","-1","25361022","0.549418","2.232533"
"510","1","5","0","25414128","0.539982","2.235992"
"510","1","5","1","25467236","0.53046","2.239628"
"510","1","5","2","25520344","0.520591","2.243351"
"510","2","5","-2","24411080","0.70387","2.165944"
"510","2","5","-1","24428472","0.701198","2.166566"
"510","2","5","0","24445866","0.698611","2.167796"
"510","2","5","1","24463260","0.695842","2.169461"
"510","2","5","2","24480652","0.693132","2.171715"
"538","1","5","-2","25314492","0.557457","2.228088"
"538","1","5","-1","25367600","0.548204","2.232811"
"538","1","5","0","25420708","0.538818","2.236462"
"538","1","5","1","25473814","0.529303","2.240088"
"538","1","5","2","25526920","0.51946","2.243824"
"538","2","5","-2","24483804","0.69251","2.171891"
"538","2","5","-1","24501196","0.689771","2.172654"
"538","2","5","0","24518588","0.687183","2.173837"
"538","2","5","1","24535982","0.684507","2.17519"
"538","2","5","2","24553376","0.68198","2.177682"
"578","1","5","-2","25086512","0.597027","2.213634"
"578","1","5","-1","25139620","0.587833","2.217324"
"578","1","5","0","25192726","0.578632","2.220826"
"578","1","5","1","25245832","0.569243","2.22477"
"578","1","5","2","25298940","0.559987","2.228168"
"578","2","5","-2","24583508","0.677141","2.179414"
"578","2","5","-1","24600900","0.674687","2.180809"
"578","2","5","0","24618294","0.672225","2.182635"
"578","2","5","1","24635688","0.669931","2.184668"
"578","2","5","2","24653080","0.667543","2.18603"
"595","1","5","-2","25124860","0.590151","2.216327"
"595","1","5","-1","25177968","0.581046","2.219311"
"595","1","5","0","25231076","0.571984","2.222271"
"595","1","5","1","25284182","0.562813","2.225982"
"595","1","5","2","25337288","0.553545","2.230712"
"595","2","5","-2","24587944","0.676736","2.180623"
"595","2","5","-1","24605336","0.674171","2.182123"
"595","2","5","0","24622730","0.671505","2.183578"
"595","2","5","1","24640124","0.669107","2.184962"
"595","2","5","2","24657516","0.666609","2.185647"
"620","1","5","-2","25412408","0.540273","2.235951"
"620","1","5","-1","25465516","0.530751","2.239493"
"620","1","5","0","25518622","0.521162","2.243058"
"620","1","5","1","25571728","0.511416","2.246823"
"620","1","5","2","25624836","0.501761","2.249681"
"620","2","5","-2","24664392","0.6659","2.185849"
"620","2","5","-1","24681784","0.663534","2.186953"
"620","2","5","0","24699178","0.66119","2.188846"
"620","2","5","1","24716572","0.65881","2.190149"
"620","2","5","2","24733964","0.656231","2.191003"
"623","1","5","-2","25334740","0.553929","2.22947"
"623","1","5","-1","25387846","0.544492","2.233611"
"623","1","5","0","25440952","0.535138","2.237888"
"623","1","5","1","25494060","0.525658","2.241436"
"623","1","5","2","25547168","0.515937","2.244928"
"623","2","5","-2","24666980","0.665404","2.187002"
"623","2","5","-1","24684372","0.663068","2.187803"
"623","2","5","0","24701764","0.660631","2.188401"
"623","2","5","1","24719158","0.658283","2.189219"
"623","2","5","2","24736552","0.655824","2.191057"
"632","1","5","-2","25147040","0.586432","2.216663"
"632","1","5","-1","25200148","0.577406","2.221392"
"632","1","5","0","25253254","0.568236","2.225144"
"632","1","5","1","25306360","0.558967","2.228723"
"632","1","5","2","25359468","0.549308","2.232505"
"632","2","5","-2","24572320","0.678863","2.179091"
"632","2","5","-1","24589712","0.676284","2.179914"
"632","2","5","0","24607104","0.673826","2.181195"
"632","2","5","1","24624498","0.671389","2.183187"
"632","2","5","2","24641892","0.66904","2.185157"
"635","1","5","-2","25138576","0.588052","2.216036"
"635","1","5","-1","25191684","0.578964","2.220855"
"635","1","5","0","25244790","0.569633","2.224481"
"635","1","5","1","25297896","0.560303","2.228088"
"635","1","5","2","25351004","0.550781","2.231905"
"635","2","5","-2","24565404","0.67986","2.178476"
"635","2","5","-1","24582798","0.677275","2.179247"
"635","2","5","0","24600192","0.674765","2.180714"
"635","2","5","1","24617584","0.672338","2.182748"
"635","2","5","2","24634976","0.669998","2.184663"
"643","1","5","-2","25130968","0.589356","2.215513"
"643","1","5","-1","25184076","0.58015","2.219141"
"643","1","5","0","25237184","0.571079","2.223576"
"643","1","5","1","25290290","0.561767","2.227623"
"643","1","5","2","25343396","0.552501","2.231272"
"643","2","5","-2","24556304","0.681339","2.177894"
"643","2","5","-1","24573698","0.678709","2.179419"
"643","2","5","0","24591092","0.676093","2.180218"
"643","2","5","1","24608484","0.673587","2.181393"
"643","2","5","2","24625876","0.671197","2.182899"
"665","1","5","-2","25238672","0.570405","2.224233"
"665","1","5","-1","25291778","0.56126","2.22734"
"665","1","5","0","25344884","0.552181","2.230164"
"665","1","5","1","25397992","0.542765","2.233711"
"665","1","5","2","25451100","0.533377","2.238173"
"665","2","5","-2","24595032","0.675684","2.181265"
"665","2","5","-1","24612424","0.673193","2.182667"
"665","2","5","0","24629816","0.670584","2.184079"
"665","2","5","1","24647210","0.668245","2.185553"
"665","2","5","2","24664604","0.665756","2.186142"
"676","1","5","-2","25276128","0.564273","2.226642"
"676","1","5","-1","25329236","0.554683","2.230267"
"676","1","5","0","25382344","0.545298","2.234128"
"676","1","5","1","25435450","0.536016","2.236658"
"676","1","5","2","25488556","0.526691","2.239745"
"676","2","5","-2","24617696","0.672292","2.182077"
"676","2","5","-1","24635088","0.670021","2.184576"
"676","2","5","0","24652482","0.667555","2.185943"
"676","2","5","1","24669876","0.665135","2.18714"
"676","2","5","2","24687268","0.662713","2.188367"
"687","1","5","-2","25086352","0.596741","2.213127"
"687","1","5","-1","25139460","0.587738","2.216153"
"687","1","5","0","25192566","0.578755","2.219783"
"687","1","5","1","25245672","0.569546","2.224483"
"687","1","5","2","25298780","0.56036","2.22822"
"687","2","5","-2","24622076","0.671801","2.183553"
"687","2","5","-1","24639470","0.669214","2.184896"
"687","2","5","0","24656864","0.666829","2.186338"
"687","2","5","1","24674256","0.66456","2.186728"
"687","2","5","2","24691648","0.662291","2.187627"
"696","1","5","-2","25297920","0.560425","2.226929"
"696","1","5","-1","25351028","0.551031","2.230467"
"696","1","5","0","25404136","0.541736","2.235283"
"696","1","5","1","25457242","0.532287","2.238913"
"696","1","5","2","25510348","0.52277","2.242442"
"696","2","5","-2","24639536","0.669168","2.184936"
"696","2","5","-1","24656930","0.666827","2.186291"
"696","2","5","0","24674324","0.664458","2.18662"
"696","2","5","1","24691716","0.66222","2.187643"
"696","2","5","2","24709108","0.659818","2.189068"
"740","1","5","-2","25477068","0.528559","2.239871"
"740","1","5","-1","25530176","0.519155","2.242555"
"740","1","5","0","25583284","0.509553","2.245957"
"740","1","5","1","25636390","0.499876","2.25051"
"740","1","5","2","25689496","0.490299","2.254331"
"740","2","5","-2","24626058","0.671161","2.183808"
"740","2","5","-1","24643452","0.66871","2.185102"
"740","2","5","0","24660844","0.666189","2.186588"
"740","2","5","1","24678236","0.663858","2.187245"
"740","2","5","2","24695630","0.661598","2.187999"
"742","1","5","-2","25285884","0.562464","2.226212"
"742","1","5","-1","25338992","0.553101","2.229929"
"742","1","5","0","25392098","0.543956","2.234602"
"742","1","5","1","25445204","0.534536","2.238156"
"742","1","5","2","25498312","0.524917","2.241589"
"742","2","5","-2","24626058","0.671038","2.183828"
"742","2","5","-1","24643452","0.668638","2.185206"
"742","2","5","0","24660844","0.66639","2.1857"
"742","2","5","1","24678236","0.664045","2.186761"
"742","2","5","2","24695630","0.66165","2.188366"
"744","1","5","-2","25285884","0.562494","2.227214"
"744","1","5","-1","25338992","0.552979","2.231141"
"744","1","5","0","25392098","0.543595","2.234653"
"744","1","5","1","25445204","0.534264","2.237091"
"744","1","5","2","25498312","0.524823","2.240441"
"744","2","5","-2","24642018","0.668947","2.18453"
"744","2","5","-1","24659412","0.666632","2.186467"
"744","2","5","0","24676804","0.664311","2.187634"
"744","2","5","1","24694196","0.661841","2.18863"
"744","2","5","2","24711590","0.659321","2.189869"
"747","1","5","-2","25094700","0.595357","2.214222"
"747","1","5","-1","25147806","0.58632","2.216945"
"747","1","5","0","25200912","0.577217","2.220372"
"747","1","5","1","25254020","0.568012","2.224068"
"747","1","5","2","25307128","0.558918","2.228836"
"747","2","5","-2","24636860","0.669806","2.184743"
"747","2","5","-1","24654254","0.667367","2.186023"
"747","2","5","0","24671648","0.664923","2.187403"
"747","2","5","1","24689040","0.662522","2.188298"
"747","2","5","2","24706432","0.660158","2.188598"
"781","1","5","-2","25159604","0.58418","2.218733"
"781","1","5","-1","25212710","0.575053","2.221848"
"781","1","5","0","25265816","0.565947","2.224779"
"781","1","5","1","25318924","0.556732","2.228479"
"781","1","5","2","25372032","0.547519","2.233175"
"781","2","5","-2","24624968","0.671388","2.183826"
"781","2","5","-1","24642360","0.669141","2.185179"
"781","2","5","0","24659752","0.666483","2.186548"
"781","2","5","1","24677146","0.66411","2.187687"
"781","2","5","2","24694540","0.66178","2.187885"
"784","1","5","-2","25319920","0.556606","2.229712"
"784","1","5","-1","25373028","0.547231","2.23315"
"784","1","5","0","25426134","0.537552","2.236996"
"784","1","5","1","25479240","0.528126","2.240453"
"784","1","5","2","25532348","0.518803","2.2428"
"784","2","5","-2","24619134","0.672262","2.182258"
"784","2","5","-1","24636528","0.669758","2.184006"
"784","2","5","0","24653920","0.667457","2.186033"
"784","2","5","1","24671312","0.665142","2.187279"
"784","2","5","2","24688706","0.662644","2.188299"
"790","1","5","-2","25159112","0.5843","2.218626"
"790","1","5","-1","25212218","0.575134","2.221843"
"790","1","5","0","25265324","0.566008","2.224756"
"790","1","5","1","25318432","0.556824","2.228324"
"790","1","5","2","25371540","0.547492","2.232928"
"790","2","5","-2","24632504","0.670306","2.184396"
"790","2","5","-1","24649896","0.668014","2.18575"
"790","2","5","0","24667290","0.665483","2.187112"
"790","2","5","1","24684684","0.663111","2.18833"
"790","2","5","2","24702076","0.660658","2.1886"
"812","1","5","-2","25381300","0.545754","2.232626"
"812","1","5","-1","25434408","0.536369","2.236957"
"812","1","5","0","25487514","0.527044","2.241013"
"812","1","5","1","25540620","0.517404","2.244488"
"812","1","5","2","25593728","0.507555","2.248106"
"812","2","5","-2","24587694","0.676651","2.180699"
"812","2","5","-1","24605088","0.674013","2.181458"
"812","2","5","0","24622480","0.671741","2.182531"
"812","2","5","1","24639872","0.669338","2.183865"
"812","2","5","2","24657266","0.666995","2.186232"
"831","1","5","-2","25488384","0.526674","2.239767"
"831","1","5","-1","25541492","0.517267","2.244526"
"831","1","5","0","25594598","0.507723","2.248125"
"831","1","5","1","25647704","0.49805","2.251475"
"831","1","5","2","25700812","0.487895","2.255226"
"831","2","5","-2","24591444","0.676163","2.180914"
"831","2","5","-1","24608836","0.673583","2.181662"
"831","2","5","0","24626228","0.671213","2.182755"
"831","2","5","1","24643622","0.668889","2.184213"
"831","2","5","2","24661016","0.666457","2.186547"
"834","1","5","-2","25406732","0.541067","2.23548"
"834","1","5","-1","25459840","0.53173","2.237988"
"834","1","5","0","25512948","0.522284","2.241301"
"834","1","5","1","25566054","0.512745","2.245289"
"834","1","5","2","25619160","0.503102","2.249689"
"834","2","5","-2","24585962","0.676974","2.180459"
"834","2","5","-1","24603356","0.67449","2.181783"
"834","2","5","0","24620748","0.671832","2.183364"
"834","2","5","1","24638140","0.669389","2.184668"
"834","2","5","2","24655534","0.66711","2.185251"
"837","1","5","-2","25549624","0.51583","2.245232"
"837","1","5","-1","25602730","0.505981","2.248591"
"837","1","5","0","25655836","0.496096","2.252423"
"837","1","5","1","25708944","0.486369","2.255171"
"837","1","5","2","25762052","0.476735","2.257634"
"837","2","5","-2","24582932","0.677406","2.179168"
"837","2","5","-1","24600324","0.674974","2.181519"
"837","2","5","0","24617716","0.672504","2.183158"
"837","2","5","1","24635110","0.670018","2.184561"
"837","2","5","2","24652504","0.667594","2.185898"
"844","1","5","-2","25368344","0.547754","2.232812"
"844","1","5","-1","25421450","0.538459","2.235415"
"844","1","5","0","25474556","0.529099","2.238872"
"844","1","5","1","25527664","0.519651","2.24299"
"844","1","5","2","25580772","0.510214","2.247135"
"844","2","5","-2","24565812","0.680107","2.17881"
"844","2","5","-1","24583204","0.677415","2.180076"
"844","2","5","0","24600598","0.674661","2.181756"
"844","2","5","1","24617992","0.672182","2.182747"
"844","2","5","2","24635384","0.669919","2.183566"
"856","1","5","-2","25527742","0.519453","2.242644"
"856","1","5","-1","25580848","0.510125","2.245872"
"856","1","5","0","25633956","0.500386","2.249271"
"856","1","5","1","25687064","0.49076","2.254099"
"856","1","5","2","25740170","0.480974","2.25756"
"856","2","5","-2","24558680","0.681104","2.178139"
"856","2","5","-1","24576072","0.678369","2.179631"
"856","2","5","0","24593466","0.675746","2.181184"
"856","2","5","1","24610860","0.673352","2.181752"
"856","2","5","2","24628252","0.670917","2.182961"
"864","1","5","-2","25742916","0.480468","2.257723"
"864","1","5","-1","25796024","0.470297","2.261256"
"864","1","5","0","25849130","0.460247","2.264892"
"864","1","5","1","25902236","0.450268","2.266926"
"864","1","5","2","25955344","0.44017","2.269737"
"864","2","5","-2","24589010","0.676578","2.17959"
"864","2","5","-1","24606404","0.674065","2.182218"
"864","2","5","0","24623796","0.671646","2.183713"
"864","2","5","1","24641188","0.669162","2.185117"
"864","2","5","2","24658582","0.666707","2.186381"
"877","1","5","-2","25615006","0.503775","2.248053"
"877","1","5","-1","25668112","0.494216","2.251466"
"877","1","5","0","25721220","0.484371","2.255726"
"877","1","5","1","25774328","0.474542","2.259752"
"877","1","5","2","25827434","0.464527","2.263066"
"877","2","5","-2","24636536","0.669636","2.184666"
"877","2","5","-1","24653930","0.667242","2.185944"
"877","2","5","0","24671324","0.664789","2.186389"
"877","2","5","1","24688716","0.662616","2.187445"
"877","2","5","2","24706108","0.660215","2.18892"
"881","1","5","-2","25415848","0.539778","2.236198"
"881","1","5","-1","25468956","0.530204","2.239688"
"881","1","5","0","25522064","0.520409","2.243516"
"881","1","5","1","25575170","0.510841","2.246862"
"881","1","5","2","25628276","0.501399","2.248919"
"881","2","5","-2","24626300","0.671231","2.18282"
"881","2","5","-1","24643694","0.66875","2.184724"
"881","2","5","0","24661088","0.666499","2.186548"
"881","2","5","1","24678480","0.664074","2.187831"
"881","2","5","2","24695872","0.6617","2.188829"
"893","1","5","-2","25178486","0.580974","2.220051"
"893","1","5","-1","25231592","0.571741","2.222693"
"893","1","5","0","25284700","0.562847","2.225973"
"893","1","5","1","25337806","0.553465","2.229715"
"893","1","5","2","25390912","0.544177","2.234487"
"893","2","5","-2","24636568","0.66984","2.184699"
"893","2","5","-1","24653960","0.667338","2.185951"
"893","2","5","0","24671352","0.665003","2.187404"
"893","2","5","1","24688746","0.662525","2.188352"
"893","2","5","2","24706140","0.660022","2.18865"
"896","1","5","-2","25315900","0.557097","2.229243"
"896","1","5","-1","25369008","0.547893","2.231888"
"896","1","5","0","25422114","0.538435","2.235407"
"896","1","5","1","25475220","0.529081","2.2398"
"896","1","5","2","25528328","0.519599","2.243735"
"896","2","5","-2","24594302","0.675778","2.181185"
"896","2","5","-1","24611696","0.673221","2.182598"
"896","2","5","0","24629088","0.670624","2.184073"
"896","2","5","1","24646480","0.668316","2.184674"
"896","2","5","2","24663874","0.666038","2.185714"
"900","1","5","-2","25354616","0.550415","2.232036"
"900","1","5","-1","25407724","0.540839","2.235612"
"900","1","5","0","25460830","0.531332","2.239361"
"900","1","5","1","25513936","0.521973","2.241729"
"900","1","5","2","25567044","0.512487","2.245049"
"900","2","5","-2","24597772","0.675142","2.180502"
"900","2","5","-1","24615166","0.672826","2.183007"
"900","2","5","0","24632560","0.670446","2.184414"
"900","2","5","1","24649952","0.667907","2.185771"
"900","2","5","2","24667344","0.665463","2.187069"
"904","1","5","-2","25358600","0.549784","2.232264"
"904","1","5","-1","25411706","0.540486","2.235861"
"904","1","5","0","25464812","0.530841","2.239383"
"904","1","5","1","25517920","0.521091","2.2432"
"904","1","5","2","25571028","0.511622","2.246212"
"904","2","5","-2","24597772","0.675207","2.180425"
"904","2","5","-1","24615164","0.67283","2.181871"
"904","2","5","0","24632558","0.670342","2.18399"
"904","2","5","1","24649952","0.667884","2.185789"
"904","2","5","2","24667344","0.665678","2.187035"
"907","1","5","-2","25289394","0.561902","2.226339"
"907","1","5","-1","25342500","0.552566","2.23004"
"907","1","5","0","25395608","0.543399","2.234815"
"907","1","5","1","25448716","0.533889","2.238315"
"907","1","5","2","25501822","0.524354","2.241782"
"907","2","5","-2","24598028","0.675153","2.181513"
"907","2","5","-1","24615420","0.67263","2.182948"
"907","2","5","0","24632812","0.670197","2.18347"
"907","2","5","1","24650206","0.667856","2.184772"
"907","2","5","2","24667600","0.66546","2.186287"
"915","1","5","-2","25342004","0.55272","2.230534"
"915","1","5","-1","25395112","0.543498","2.234801"
"915","1","5","0","25448218","0.534016","2.238352"
"915","1","5","1","25501324","0.524284","2.241873"
"915","1","5","2","25554432","0.514645","2.245692"
"915","2","5","-2","24592136","0.676024","2.180611"
"915","2","5","-1","24609528","0.673509","2.181437"
"915","2","5","0","24626920","0.671178","2.1828"
"915","2","5","1","24644314","0.668757","2.185075"
"915","2","5","2","24661708","0.666418","2.186662"
"917","1","5","-2","25342004","0.552639","2.229927"
"917","1","5","-1","25395112","0.543285","2.233527"
"917","1","5","0","25448218","0.533987","2.238331"
"917","1","5","1","25501324","0.524532","2.24194"
"917","1","5","2","25554432","0.514966","2.245452"
"917","2","5","-2","24593126","0.67588","2.181037"
"917","2","5","-1","24610520","0.673379","2.182487"
"917","2","5","0","24627912","0.670839","2.183213"
"917","2","5","1","24645304","0.668623","2.184309"
"917","2","5","2","24662698","0.666227","2.185634"
"934","1","5","-2","25525160","0.520074","2.24219"
"934","1","5","-1","25578268","0.510537","2.246345"
"934","1","5","0","25631376","0.500875","2.250504"
"934","1","5","1","25684482","0.491175","2.254093"
"934","1","5","2","25737588","0.481144","2.257436"
"934","2","5","-2","24664220","0.665981","2.186945"
"934","2","5","-1","24681612","0.663536","2.187595"
"934","2","5","0","24699006","0.661204","2.188052"
"934","2","5","1","24716400","0.658832","2.188884"
"934","2","5","2","24733792","0.65634","2.1908"
"954","1","5","-2","25600408","0.506521","2.247704"
"954","1","5","-1","25653516","0.496959","2.251973"
"954","1","5","0","25706624","0.487188","2.255506"
"954","1","5","1","25759730","0.477073","2.258864"
"954","1","5","2","25812836","0.467028","2.262564"
"954","2","5","-2","24742178","0.654939","2.190937"
"954","2","5","-1","24759572","0.652299","2.191351"
"954","2","5","0","24776964","0.649616","2.192143"
"954","2","5","1","24794356","0.646712","2.19416"
"954","2","5","2","24811750","0.643821","2.195182"
"956","1","5","-2","25584184","0.509232","2.247404"
"956","1","5","-1","25637292","0.499632","2.251212"
"956","1","5","0","25690400","0.489805","2.253739"
"956","1","5","1","25743506","0.480233","2.256431"
"956","1","5","2","25796612","0.470291","2.25961"
"956","2","5","-2","24742178","0.65503","2.191422"
"956","2","5","-1","24759572","0.652358","2.192317"
"956","2","5","0","24776964","0.649525","2.193242"
"956","2","5","1","24794356","0.646527","2.194222"
"956","2","5","2","24811750","0.643672","2.195312"
"963","1","5","-2","25656636","0.496173","2.25077"
"963","1","5","-1","25709742","0.486403","2.254185"
"963","1","5","0","25762848","0.476792","2.25905"
"963","1","5","1","25815956","0.466928","2.262444"
"963","1","5","2","25869064","0.456704","2.265762"
"963","2","5","-2","24781372","0.648623","2.193532"
"963","2","5","-1","24798766","0.645815","2.194288"
"963","2","5","0","24816160","0.642944","2.194519"
"963","2","5","1","24833552","0.640061","2.195451"
"963","2","5","2","24850944","0.63721","2.197115"
"965","1","5","-2","25656636","0.496359","2.252189"
"965","1","5","-1","25709742","0.48627","2.25563"
"965","1","5","0","25762848","0.476403","2.259371"
"965","1","5","1","25815956","0.466563","2.261734"
"965","1","5","2","25869064","0.456777","2.264305"
"965","2","5","-2","24795022","0.646567","2.193164"
"965","2","5","-1","24812416","0.643776","2.195081"
"965","2","5","0","24829808","0.640854","2.196285"
"965","2","5","1","24847200","0.637939","2.197355"
"965","2","5","2","24864594","0.634734","2.198375"
"968","1","5","-2","25449152","0.533507","2.238547"
"968","1","5","-1","25502260","0.524026","2.241247"
"968","1","5","0","25555366","0.514681","2.244227"
"968","1","5","1","25608472","0.505143","2.247509"
"968","1","5","2","25661580","0.495272","2.252263"
"968","2","5","-2","24792002","0.64706","2.194018"
"968","2","5","-1","24809396","0.644227","2.195013"
"968","2","5","0","24826788","0.641195","2.196069"
"968","2","5","1","24844180","0.638197","2.197172"
"968","2","5","2","24861574","0.63521","2.197591"
"980","1","5","-2","25791078","0.471195","2.260839"
"980","1","5","-1","25844184","0.46115","2.264581"
"980","1","5","0","25897292","0.451112","2.266834"
"980","1","5","1","25950400","0.441271","2.26933"
"980","1","5","2","26003506","0.431014","2.272549"
"980","2","5","-2","24849608","0.637476","2.197457"
"980","2","5","-1","24867000","0.634491","2.198609"
"980","2","5","0","24884392","0.631617","2.199707"
"980","2","5","1","24901786","0.62837","2.200867"
"980","2","5","2","24919180","0.625389","2.202074"
"983","1","5","-2","25799970","0.469752","2.259887"
"983","1","5","-1","25853076","0.459725","2.264189"
"983","1","5","0","25906184","0.449731","2.268098"
"983","1","5","1","25959292","0.43968","2.27145"
"983","1","5","2","26012398","0.429216","2.274783"
"983","2","5","-2","24848632","0.637438","2.197438"
"983","2","5","-1","24866024","0.63438","2.198017"
"983","2","5","0","24883418","0.631605","2.19869"
"983","2","5","1","24900812","0.628749","2.199723"
"983","2","5","2","24918204","0.625812","2.201984"
"1001","1","5","-2","25752696","0.478663","2.258345"
"1001","1","5","-1","25805802","0.468738","2.261779"
"1001","1","5","0","25858908","0.458749","2.265023"
"1001","1","5","1","25912016","0.44842","2.26882"
"1001","1","5","2","25965124","0.438269","2.271968"
"1001","2","5","-2","24817084","0.642891","2.194561"
"1001","2","5","-1","24834476","0.640018","2.195455"
"1001","2","5","0","24851868","0.637039","2.197052"
"1001","2","5","1","24869262","0.634208","2.198741"
"1001","2","5","2","24886656","0.631218","2.199925"
"1004","1","5","-2","25767204","0.475951","2.257855"
"1004","1","5","-1","25820312","0.46591","2.261276"
"1004","1","5","0","25873418","0.456082","2.266026"
"1004","1","5","1","25926524","0.445951","2.269408"
"1004","1","5","2","25979632","0.435692","2.272675"
"1004","2","5","-2","24805636","0.644686","2.194916"
"1004","2","5","-1","24823030","0.641745","2.195717"
"1004","2","5","0","24840424","0.638881","2.195953"
"1004","2","5","1","24857816","0.636042","2.196972"
"1004","2","5","2","24875208","0.633137","2.198653"
"1013","1","5","-2","25714496","0.485565","2.254516"
"1013","1","5","-1","25767604","0.475812","2.257846"
"1013","1","5","0","25820710","0.465894","2.26198"
"1013","1","5","1","25873816","0.455988","2.266073"
"1013","1","5","2","25926924","0.445875","2.269425"
"1013","2","5","-2","24858142","0.636001","2.198037"
"1013","2","5","-1","24875536","0.6329","2.199226"
"1013","2","5","0","24892928","0.6299","2.199792"
"1013","2","5","1","24910320","0.627144","2.200378"
"1013","2","5","2","24927714","0.624096","2.201528"
"1015","1","5","-2","25714496","0.485726","2.255967"
"1015","1","5","-1","25767604","0.475639","2.259456"
"1015","1","5","0","25820710","0.465661","2.263018"
"1015","1","5","1","25873816","0.455684","2.265059"
"1015","1","5","2","25926924","0.445824","2.267741"
"1015","2","5","-2","24853740","0.636755","2.196639"
"1015","2","5","-1","24871132","0.633879","2.198962"
"1015","2","5","0","24888526","0.63092","2.19999"
"1015","2","5","1","24905920","0.627894","2.201154"
"1015","2","5","2","24923312","0.624745","2.202344"
"1019","1","5","-2","25686624","0.49087","2.254092"
"1019","1","5","-1","25739732","0.481045","2.257452"
"1019","1","5","0","25792840","0.471139","2.260961"
"1019","1","5","1","25845946","0.460858","2.26458"
"1019","1","5","2","25899052","0.450776","2.268061"
"1019","2","5","-2","24854400","0.636529","2.197042"
"1019","2","5","-1","24871792","0.633618","2.197954"
"1019","2","5","0","24889186","0.63061","2.199131"
"1019","2","5","1","24906580","0.627871","2.201239"
"1019","2","5","2","24923972","0.624894","2.202386"
"1022","1","5","-2","25699748","0.488302","2.253644"
"1022","1","5","-1","25752856","0.478693","2.258254"
"1022","1","5","0","25805962","0.468652","2.261841"
"1022","1","5","1","25859068","0.458649","2.265155"
"1022","1","5","2","25912176","0.448296","2.268821"
"1022","2","5","-2","24839872","0.638844","2.196952"
"1022","2","5","-1","24857264","0.636058","2.19709"
"1022","2","5","0","24874656","0.633176","2.198069"
"1022","2","5","1","24892050","0.63023","2.199246"
"1022","2","5","2","24909444","0.627275","2.201453"
"1025","1","5","-2","25584176","0.509158","2.247386"
"1025","1","5","-1","25637282","0.499667","2.249607"
"1025","1","5","0","25690388","0.490048","2.252952"
"1025","1","5","1","25743496","0.480252","2.256952"
"1025","1","5","2","25796604","0.470497","2.26119"
"1025","2","5","-2","24833460","0.640186","2.19653"
"1025","2","5","-1","24850852","0.637167","2.197462"
"1025","2","5","0","24868244","0.634055","2.198684"
"1025","2","5","1","24885638","0.631113","2.199421"
"1025","2","5","2","24903032","0.628341","2.199932"
"1029","1","3","-1","24671346","0.665126","2.187426"
"1029","1","3","0","24724452","0.65774","2.190487"
"1029","1","3","1","24777560","0.649334","2.193154"
"1029","2","3","-1","24877752","0.63243","2.199307"
"1029","2","3","0","24895146","0.629448","2.200072"
"1029","2","3","1","24912540","0.62665","2.200511"
"1071","1","3","-1","24675152","0.664342","2.187417"
"1071","1","3","0","24728258","0.656957","2.18977"
"1071","1","3","1","24781364","0.64878","2.192466"
"1071","2","3","-1","24961888","0.618302","2.204365"
"1071","2","3","0","24979282","0.615342","2.206114"
"1071","2","3","1","24996676","0.61244","2.207342"
"1094","1","3","-1","24657404","0.666645","2.186086"
"1094","1","3","0","24710512","0.659558","2.188779"
"1094","1","3","1","24763618","0.651626","2.19151"
"1094","2","3","-1","24963164","0.618034","2.204586"
"1094","2","3","0","24980558","0.615149","2.206184"
"1094","2","3","1","24997952","0.612289","2.207495"
"1100","1","3","-1","24668540","0.66542","2.187145"
"1100","1","3","0","24721648","0.658089","2.19041"
"1100","1","3","1","24774756","0.649815","2.193066"
"1100","2","3","-1","24945648","0.620859","2.203983"
"1100","2","3","0","24963042","0.617907","2.204861"
"1100","2","3","1","24980436","0.614985","2.205216"
"1104","1","3","-1","24690108","0.662529","2.188632"
"1104","1","3","0","24743214","0.654878","2.191414"
"1104","1","3","1","24796320","0.646184","2.194135"
"1104","2","3","-1","24978932","0.61521","2.206227"
"1104","2","3","0","24996324","0.612306","2.206997"
"1104","2","3","1","25013718","0.609337","2.207418"
"1139","1","3","-1","24687060","0.662989","2.188306"
"1139","1","3","0","24740166","0.655363","2.191281"
"1139","1","3","1","24793272","0.646868","2.194152"
"1139","2","3","-1","24942124","0.621517","2.203667"
"1139","2","3","0","24959516","0.618482","2.204854"
"1139","2","3","1","24976910","0.615501","2.205197"
"1145","1","3","-1","24669404","0.665504","2.187206"
"1145","1","3","0","24722512","0.658042","2.190455"
"1145","1","3","1","24775620","0.649657","2.193099"
"1145","2","3","-1","24989820","0.613295","2.20694"
"1145","2","3","0","25007212","0.610411","2.207556"
"1145","2","3","1","25024604","0.60761","2.208227"
"1177","1","3","-1","24671944","0.664973","2.187367"
"1177","1","3","0","24725052","0.657692","2.190554"
"1177","1","3","1","24778158","0.649294","2.193316"
"1177","2","3","-1","25017276","0.60867","2.208855"
"1177","2","3","0","25034670","0.605652","2.209543"
"1177","2","3","1","25052064","0.602892","2.210173"
"1183","1","3","-1","24659708","0.666429","2.18637"
"1183","1","3","0","24712816","0.659331","2.188825"
"1183","1","3","1","24765922","0.65132","2.191625"
"1183","2","3","-1","25042784","0.604459","2.21015"
"1183","2","3","0","25060176","0.601632","2.21176"
"1183","2","3","1","25077570","0.598571","2.212958"
"1191","1","3","-1","24657048","0.666785","2.186244"
"1191","1","3","0","24710156","0.659541","2.188769"
"1191","1","3","1","24763264","0.651749","2.191448"
"1191","2","3","-1","25037524","0.605278","2.209552"
"1191","2","3","0","25054916","0.602438","2.211339"
"1191","2","3","1","25072308","0.599474","2.212545"
"1195","1","3","-1","24654396","0.667204","2.185961"
"1195","1","3","0","24707504","0.660113","2.188605"
"1195","1","3","1","24760612","0.652208","2.19139"
"1195","2","3","-1","25015540","0.609154","2.207965"
"1195","2","3","0","25032932","0.606206","2.209812"
"1195","2","3","1","25050324","0.603182","2.211103"
"1200","1","3","-1","24683972","0.663329","2.188081"
"1200","1","3","0","24737080","0.655689","2.191224"
"1200","1","3","1","24790186","0.647198","2.193981"
"1200","2","3","-1","25001412","0.611374","2.206797"
"1200","2","3","0","25018806","0.608536","2.207758"
"1200","2","3","1","25036200","0.605551","2.209286"
"1205","1","3","-1","24691744","0.662311","2.18854"
"1205","1","3","0","24744852","0.654678","2.191644"
"1205","1","3","1","24797960","0.646154","2.194454"
"1205","2","3","-1","25002788","0.611296","2.207741"
"1205","2","3","0","25020180","0.608109","2.209006"
"1205","2","3","1","25037572","0.605301","2.209199"
"1219","1","3","-1","24656830","0.666852","2.186258"
"1219","1","3","0","24709936","0.659704","2.188822"
"1219","1","3","1","24763044","0.651833","2.191472"
"1219","2","3","-1","24997020","0.612325","2.206478"
"1219","2","3","0","25014412","0.609415","2.208598"
"1219","2","3","1","25031806","0.606373","2.209759"
"1227","1","3","-1","24676768","0.664258","2.187619"
"1227","1","3","0","24729876","0.656707","2.190833"
"1227","1","3","1","24782984","0.648353","2.193316"
"1227","2","3","-1","24942632","0.62164","2.20259"
"1227","2","3","0","24960024","0.618717","2.203659"
"1227","2","3","1","24977416","0.615687","2.205434"
"1254","1","3","-1","24668598","0.665415","2.187203"
"1254","1","3","0","24721704","0.658066","2.190329"
"1254","1","3","1","24774812","0.649815","2.193024"
"1254","2","3","-1","24923326","0.624648","2.202451"
"1254","2","3","0","24940720","0.621721","2.202941"
"1254","2","3","1","24958112","0.618916","2.203703"
"1258","1","3","-1","24672000","0.665006","2.18737"
"1258","1","3","0","24725108","0.657622","2.190573"
"1258","1","3","1","24778214","0.649162","2.1932"
"1258","2","3","-1","24945090","0.620881","2.20392"
"1258","2","3","0","24962484","0.617994","2.204109"
"1258","2","3","1","24979876","0.615111","2.205216"
"1276","1","3","-1","24674300","0.664558","2.187559"
"1276","1","3","0","24727408","0.65707","2.190687"
"1276","1","3","1","24780514","0.648903","2.192697"
"1276","2","3","-1","24995320","0.612638","2.206144"
"1276","2","3","0","25012714","0.609639","2.207297"
"1276","2","3","1","25030108","0.606714","2.209659"
"1297","1","3","-1","24673842","0.664859","2.187431"
"1297","1","3","0","24726948","0.657333","2.190657"
"1297","1","3","1","24780056","0.64898","2.193389"
"1297","2","3","-1","25050390","0.602971","2.211141"
"1297","2","3","0","25067784","0.599989","2.211778"
"1297","2","3","1","25085176","0.597224","2.212209"
"1302","1","3","-1","24693980","0.661955","2.187785"
"1302","1","3","0","24747088","0.65436","2.191112"
"1302","1","3","1","24800194","0.645782","2.194551"
"1302","2","3","-1","25078928","0.598332","2.213001"
"1302","2","3","0","25096320","0.595261","2.214124"
"1302","2","3","1","25113712","0.592123","2.215509"
"1318","1","3","-1","24664958","0.66572","2.186842"
"1318","1","3","0","24718064","0.658392","2.189532"
"1318","1","3","1","24771172","0.650397","2.191914"
"1318","2","3","-1","25011696","0.609665","2.20729"
"1318","2","3","0","25029090","0.606923","2.20959"
"1318","2","3","1","25046484","0.603925","2.210772"
"1321","1","3","-1","24665060","0.665886","2.186538"
"1321","1","3","0","24718166","0.658578","2.190209"
"1321","1","3","1","24771272","0.650501","2.19297"
"1321","2","3","-1","24997168","0.612077","2.207279"
"1321","2","3","0","25014562","0.609025","2.208698"
"1321","2","3","1","25031956","0.606155","2.208984"
"1342","1","3","-1","24677772","0.664094","2.187714"
"1342","1","3","0","24730878","0.656531","2.189958"
"1342","1","3","1","24783984","0.648249","2.19264"
"1342","2","3","-1","24955944","0.619325","2.203835"
"1342","2","3","0","24973336","0.616359","2.205812"
"1342","2","3","1","24990728","0.613501","2.206969"
"1345","1","3","-1","24673144","0.664677","2.186494"
"1345","1","3","0","24726252","0.65738","2.189513"
"1345","1","3","1","24779358","0.649155","2.192687"
"1345","2","3","-1","24938444","0.62229","2.203336"
"1345","2","3","0","24955836","0.619385","2.204533"
"1345","2","3","1","24973228","0.616222","2.205741"
"1363","1","3","-1","24669014","0.665446","2.187167"
"1363","1","3","0","24722120","0.658073","2.190405"
"1363","1","3","1","24775228","0.649733","2.193106"
"1363","2","3","-1","24928700","0.623833","2.202791"
"1363","2","3","0","24946094","0.620782","2.203084"
"1363","2","3","1","24963488","0.617977","2.203986"
"1407","1","3","-1","24688180","0.662754","2.188229"
"1407","1","3","0","24741286","0.655123","2.191379"
"1407","1","3","1","24794392","0.646677","2.194129"
"1407","2","3","-1","24930234","0.623508","2.202748"
"1407","2","3","0","24947628","0.620461","2.20404"
"1407","2","3","1","24965020","0.617532","2.204488"
"1426","1","3","-1","24671536","0.664981","2.186213"
"1426","1","3","0","24724644","0.657603","2.18945"
"1426","1","3","1","24777750","0.649462","2.193218"
"1426","2","3","-1","24947608","0.620775","2.203889"
"1426","2","3","0","24965000","0.617819","2.205107"
"1426","2","3","1","24982392","0.614643","2.206349"
"1431","1","3","-1","24689494","0.662621","2.188163"
"1431","1","3","0","24742600","0.655023","2.191436"
"1431","1","3","1","24795708","0.64652","2.194232"
"1431","2","3","-1","24909320","0.627115","2.201323"
"1431","2","3","0","24926712","0.624151","2.202679"
"1431","2","3","1","24944106","0.621126","2.20306"
"1446","1","3","-1","24663660","0.665879","2.18625"
"1446","1","3","0","24716768","0.658789","2.188975"
"1446","1","3","1","24769876","0.650778","2.19178"
"1446","2","3","-1","24939132","0.622196","2.203297"
"1446","2","3","0","24956526","0.619258","2.204561"
"1446","2","3","1","24973920","0.616306","2.205748"
"1474","1","3","-1","24657846","0.666707","2.186168"
"1474","1","3","0","24710952","0.65952","2.18887"
"1474","1","3","1","24764060","0.651647","2.191617"
"1474","2","3","-1","24887850","0.630879","2.199592"
"1474","2","3","0","24905244","0.628052","2.201183"
"1474","2","3","1","24922636","0.625049","2.202272"
"1497","1","3","-1","24652984","0.667481","2.185969"
"1497","1","3","0","24706092","0.660178","2.189679"
"1497","1","3","1","24759200","0.652227","2.191981"
"1497","2","3","-1","24930480","0.623613","2.201885"
"1497","2","3","0","24947874","0.620707","2.202882"
"1497","2","3","1","24965268","0.617707","2.204975"
"1532","1","3","-1","24665536","0.665667","2.186816"
"1532","1","3","0","24718642","0.658585","2.190297"
"1532","1","3","1","24771748","0.650432","2.19296"
"1532","2","3","-1","24935520","0.62253","2.203201"
"1532","2","3","0","24952914","0.619596","2.204534"
"1532","2","3","1","24970308","0.616654","2.204803"
"1535","1","3","-1","24662720","0.665956","2.186242"
"1535","1","3","0","24715826","0.658813","2.189201"
"1535","1","3","1","24768932","0.650723","2.191839"
"1535","2","3","-1","24977784","0.615575","2.206058"
"1535","2","3","0","24995178","0.612673","2.20729"
"1535","2","3","1","25012572","0.609569","2.208536"
"1570","1","3","-1","24670484","0.665214","2.187324"
"1570","1","3","0","24723592","0.657738","2.190545"
"1570","1","3","1","24776700","0.649501","2.193176"
"1570","2","3","-1","24929340","0.623507","2.202822"
"1570","2","3","0","24946732","0.620581","2.203584"
"1570","2","3","1","24964124","0.617769","2.203995"
"1638","1","3","-1","24666740","0.665393","2.186617"
"1638","1","3","0","24719846","0.658213","2.189212"
"1638","1","3","1","24772952","0.650144","2.191911"
"1638","2","3","-1","25014564","0.609269","2.208307"
"1638","2","3","0","25031958","0.606343","2.209722"
"1638","2","3","1","25049352","0.603278","2.211029"
"1654","1","3","-1","24670696","0.665068","2.187181"
"1654","1","3","0","24723804","0.657696","2.190488"
"1654","1","3","1","24776912","0.649388","2.193112"
"1654","2","3","-1","25008556","0.61011","2.208128"
"1654","2","3","0","25025948","0.607111","2.208797"
"1654","2","3","1","25043340","0.604256","2.209509"
"1678","1","3","-1","24640396","0.669159","2.184981"
"1678","1","3","0","24693504","0.661789","2.188842"
"1678","1","3","1","24746612","0.654151","2.191393"
"1678","2","3","-1","25128248","0.589738","2.215319"
"1678","2","3","0","25145640","0.586842","2.216485"
"1678","2","3","1","25163032","0.583876","2.21868"
"1697","1","3","-1","24667232","0.665432","2.187117"
"1697","1","3","0","24720338","0.658091","2.189525"
"1697","1","3","1","24773444","0.649995","2.192093"
"1697","2","3","-1","25089360","0.596436","2.212596"
"1697","2","3","0","25106752","0.593502","2.215035"
"1697","2","3","1","25124144","0.590473","2.21617"
"1700","1","3","-1","24675728","0.664211","2.186756"
"1700","1","3","0","24728836","0.656903","2.189818"
"1700","1","3","1","24781942","0.648679","2.193063"
"1700","2","3","-1","25092220","0.596093","2.213984"
"1700","2","3","0","25109612","0.593046","2.215208"
"1700","2","3","1","25127006","0.589764","2.216315"
"1741","1","3","-1","24673488","0.664636","2.186385"
"1741","1","3","0","24726596","0.657248","2.189494"
"1741","1","3","1","24779704","0.649128","2.193395"
"1741","2","3","-1","25009220","0.610192","2.208193"
"1741","2","3","0","25026612","0.607203","2.209344"
"1741","2","3","1","25044006","0.604008","2.210533"
"1746","1","3","-1","24675364","0.664433","2.187547"
"1746","1","3","0","24728470","0.65717","2.190749"
"1746","1","3","1","24781576","0.648634","2.193336"
"1746","2","3","-1","24979218","0.615151","2.20617"
"1746","2","3","0","24996612","0.612145","2.206695"
"1746","2","3","1","25014004","0.609284","2.20748"
"1749","1","3","-1","24677142","0.664196","2.187542"
"1749","1","3","0","24730248","0.656545","2.190784"
"1749","1","3","1","24783356","0.648352","2.193433"
"1749","2","3","-1","24993636","0.612646","2.206053"
"1749","2","3","0","25011028","0.60986","2.207172"
"1749","2","3","1","25028422","0.606897","2.208739"
"1755","1","3","-1","24693392","0.662015","2.188415"
"1755","1","3","0","24746500","0.654351","2.191678"
"1755","1","3","1","24799608","0.645784","2.194487"
"1755","2","3","-1","24996340","0.612286","2.207241"
"1755","2","3","0","25013734","0.6091","2.208588"
"1755","2","3","1","25031128","0.606209","2.208957"
"1767","1","3","-1","24657146","0.666764","2.186345"
"1767","1","3","0","24710252","0.659499","2.1889"
"1767","1","3","1","24763360","0.651538","2.191488"
"1767","2","3","-1","24959580","0.618563","2.203866"
"1767","2","3","0","24976972","0.615719","2.205877"
"1767","2","3","1","24994364","0.612832","2.207164"
"1784","1","3","-1","24671318","0.664944","2.186203"
"1784","1","3","0","24724424","0.65753","2.189377"
"1784","1","3","1","24777532","0.649362","2.193212"
"1784","2","3","-1","24895408","0.629611","2.200434"
"1784","2","3","0","24912802","0.626699","2.201589"
"1784","2","3","1","24930196","0.623427","2.202736"
"1789","1","3","-1","24691622","0.662222","2.188449"
"1789","1","3","0","24744728","0.654671","2.191471"
"1789","1","3","1","24797836","0.646099","2.194362"
"1789","2","3","-1","24854196","0.636434","2.197717"
"1789","2","3","0","24871588","0.63346","2.198977"
"1789","2","3","1","24888982","0.630482","2.199349"
"1836","1","3","-1","24659896","0.666377","2.186208"
"1836","1","3","0","24713002","0.659163","2.188871"
"1836","1","3","1","24766108","0.651187","2.191636"
"1836","2","3","-1","25084188","0.597303","2.212831"
"1836","2","3","0","25101580","0.594355","2.214597"
"1836","2","3","1","25118972","0.591418","2.215768"
"1860","1","3","-1","24672830","0.664819","2.187421"
"1860","1","3","0","24725936","0.657466","2.19053"
"1860","1","3","1","24779044","0.648956","2.193289"
"1860","2","3","-1","25079170","0.597973","2.213111"
"1860","2","3","0","25096564","0.59515","2.213391"
"1860","2","3","1","25113956","0.592116","2.214429"
"1920","1","3","-1","24671002","0.665013","2.186126"
"1920","1","3","0","24724108","0.657535","2.189479"
"1920","1","3","1","24777216","0.649472","2.193227"
"1920","2","3","-1","25000244","0.611733","2.207642"
"1920","2","3","0","25017636","0.608574","2.20864"
"1920","2","3","1","25035030","0.605588","2.209991"
"1923","1","3","-1","24666834","0.665372","2.186389"
"1923","1","3","0","24719940","0.658085","2.189309"
"1923","1","3","1","24773048","0.650096","2.191995"
"1923","2","3","-1","24957980","0.618954","2.204626"
"1923","2","3","0","24975372","0.616005","2.205887"
"1923","2","3","1","24992766","0.612981","2.207055"
"1965","1","3","-1","24667044","0.665338","2.186349"
"1965","1","3","0","24720150","0.658099","2.189222"
"1965","1","3","1","24773256","0.650053","2.191958"
"1965","2","3","-1","24900604","0.628801","2.200665"
"1965","2","3","0","24917998","0.625755","2.201907"
"1965","2","3","1","24935392","0.622804","2.203139"
"1969","1","3","-1","24676682","0.664159","2.187544"
"1969","1","3","0","24729788","0.656615","2.190795"
"1969","1","3","1","24782896","0.648306","2.193101"
"1969","2","3","-1","24854860","0.636422","2.196779"
"1969","2","3","0","24872254","0.633433","2.197869"
"1969","2","3","1","24889648","0.630595","2.199905"
"1972","1","3","-1","24654024","0.667113","2.185845"
"1972","1","3","0","24707132","0.660074","2.188626"
"1972","1","3","1","24760238","0.652095","2.191293"
"1972","2","3","-1","24839892","0.638983","2.196385"
"1972","2","3","0","24857284","0.636091","2.19793"
"1972","2","3","1","24874678","0.633173","2.19906"
"1998","1","3","-1","24676034","0.664367","2.187597"
"1998","1","3","0","24729140","0.65697","2.190732"
"1998","1","3","1","24782248","0.648527","2.193523"
"1998","2","3","-1","24847484","0.637506","2.197412"
"1998","2","3","0","24864876","0.634579","2.197567"
"1998","2","3","1","24882270","0.631703","2.198479"
"2002","1","3","-1","24665548","0.665842","2.186887"
"2002","1","3","0","24718654","0.658356","2.190249"
"2002","1","3","1","24771760","0.650231","2.192805"
"2002","2","3","-1","24850848","0.636942","2.197639"
"2002","2","3","0","24868242","0.633981","2.198355"
"2002","2","3","1","24885636","0.631136","2.1988"
"2024","1","3","-1","24669360","0.665211","2.187022"
"2024","1","3","0","24722468","0.657917","2.190334"
"2024","1","3","1","24775574","0.649679","2.193215"
"2024","2","3","-1","24904416","0.627907","2.201051"
"2024","2","3","0","24921808","0.624856","2.202288"
"2024","2","3","1","24939202","0.621915","2.202644"
"2040","1","3","-1","24667372","0.665591","2.187086"
"2040","1","3","0","24720478","0.658258","2.190306"
"2040","1","3","1","24773584","0.650004","2.192925"
"2040","2","3","-1","24958848","0.618514","2.204725"
"2040","2","3","0","24976240","0.615589","2.20557"
"2040","2","3","1","24993634","0.612824","2.206072"
"2053","1","3","-1","24673588","0.664681","2.187322"
"2053","1","3","0","24726694","0.657158","2.190691"
"2053","1","3","1","24779800","0.648923","2.193031"
"2053","2","3","-1","24992744","0.612975","2.205944"
"2053","2","3","0","25010138","0.61007","2.207113"
"2053","2","3","1","25027532","0.607047","2.208979"
"2056","1","3","-1","24677628","0.664028","2.186714"
"2056","1","3","0","24730734","0.656617","2.189846"
"2056","1","3","1","24783840","0.648469","2.193738"
"2056","2","3","-1","24981298","0.615093","2.20621"
"2056","2","3","0","24998692","0.612009","2.207345"
"2056","2","3","1","25016084","0.608842","2.208692"
"2062","1","3","-1","24668442","0.665388","2.187106"
"2062","1","3","0","24721548","0.658125","2.190334"
"2062","1","3","1","24774656","0.649844","2.192961"
"2062","2","3","-1","24941708","0.621524","2.203658"
"2062","2","3","0","24959100","0.618529","2.204317"
"2062","2","3","1","24976492","0.615637","2.204895"
"2089","1","3","-1","24672860","0.664699","2.186373"
"2089","1","3","0","24725966","0.657308","2.189587"
"2089","1","3","1","24779072","0.649294","2.193335"
"2089","2","3","-1","25013876","0.609472","2.208482"
"2089","2","3","0","25031268","0.606359","2.209634"
"2089","2","3","1","25048662","0.603201","2.21112"
"2122","1","3","-1","24673210","0.664715","2.187426"
"2122","1","3","0","24726316","0.657374","2.190586"
"2122","1","3","1","24779424","0.649038","2.193243"
"2122","2","3","-1","24974802","0.615819","2.205848"
"2122","2","3","0","24992196","0.612953","2.206315"
"2122","2","3","1","25009588","0.610035","2.207191"
"2126","1","3","-1","24666462","0.665799","2.187013"
"2126","1","3","0","24719568","0.658378","2.190304"
"2126","1","3","1","24772676","0.650138","2.192873"
"2126","2","3","-1","24982548","0.614507","2.206443"
"2126","2","3","0","24999942","0.611948","2.20692"
"2126","2","3","1","25017336","0.608622","2.20768"
"2139","1","3","-1","24667024","0.665701","2.187038"
"2139","1","3","0","24720132","0.658312","2.190259"
"2139","1","3","1","24773240","0.650088","2.19302"
"2139","2","3","-1","25029434","0.606485","2.209677"
"2139","2","3","0","25046828","0.603622","2.210439"
"2139","2","3","1","25064220","0.600777","2.210877"
"2142","1","3","-1","24690488","0.662451","2.188547"
"2142","1","3","0","24743596","0.654682","2.191336"
"2142","1","3","1","24796704","0.646061","2.194388"
"2142","2","3","-1","25062784","0.600827","2.211603"
"2142","2","3","0","25080176","0.597847","2.212124"
"2142","2","3","1","25097568","0.59498","2.213168"
"2148","1","3","-1","24664180","0.666031","2.186809"
"2148","1","3","0","24717286","0.658662","2.190119"
"2148","1","3","1","24770392","0.650477","2.192735"
"2148","2","3","-1","25079936","0.597802","2.213185"
"2148","2","3","0","25097328","0.594903","2.213779"
"2148","2","3","1","25114720","0.591989","2.21447"
"2163","1","3","-1","24666992","0.665612","2.186928"
"2163","1","3","0","24720098","0.658211","2.190279"
"2163","1","3","1","24773204","0.649977","2.19291"
"2163","2","3","-1","25108534","0.592938","2.215173"
"2163","2","3","0","25125928","0.589969","2.215689"
"2163","2","3","1","25143320","0.587046","2.216433"
"2180","1","3","-1","24650256","0.667769","2.18572"
"2180","1","3","0","24703362","0.660445","2.189371"
"2180","1","3","1","24756468","0.652647","2.191928"
"2180","2","3","-1","25157516","0.584705","2.217328"
"2180","2","3","0","25174908","0.581805","2.218519"
"2180","2","3","1","25192300","0.578866","2.220296"
"2185","1","3","-1","24657864","0.666851","2.186305"
"2185","1","3","0","24710972","0.659461","2.189802"
"2185","1","3","1","24764080","0.65141","2.192528"
"2185","2","3","-1","25157242","0.58469","2.217547"
"2185","2","3","0","25174636","0.581774","2.21853"
"2185","2","3","1","25192028","0.578711","2.219971"
"2193","1","3","-1","24678804","0.663957","2.187712"
"2193","1","3","0","24731910","0.656329","2.190917"
"2193","1","3","1","24785016","0.648019","2.193085"
"2193","2","3","-1","25142512","0.587237","2.216251"
"2193","2","3","0","25159904","0.584316","2.217486"
"2193","2","3","1","25177298","0.581417","2.219823"
"2219","1","3","-1","24676952","0.664214","2.186652"
"2219","1","3","0","24730058","0.656736","2.189853"
"2219","1","3","1","24783164","0.648614","2.193606"
"2219","2","3","-1","25071602","0.599568","2.21251"
"2219","2","3","0","25088996","0.596456","2.213603"
"2219","2","3","1","25106388","0.59334","2.215023"
"2223","1","3","-1","24675208","0.664393","2.187427"
"2223","1","3","0","24728314","0.656819","2.190651"
"2223","1","3","1","24781420","0.648615","2.193075"
"2223","2","3","-1","25023814","0.607612","2.208145"
"2223","2","3","0","25041208","0.604686","2.209276"
"2223","2","3","1","25058600","0.601827","2.211348"
"2326","1","3","-1","24660694","0.666358","2.186296"
"2326","1","3","0","24713800","0.659043","2.188961"
"2326","1","3","1","24766908","0.651156","2.191653"
"2326","2","3","-1","25043848","0.6044","2.210069"
"2326","2","3","0","25061240","0.60132","2.211767"
"2326","2","3","1","25078634","0.598308","2.213026"
"2329","1","3","-1","24672812","0.664688","2.186433"
"2329","1","3","0","24725920","0.657297","2.18962"
"2329","1","3","1","24779028","0.649272","2.193363"
"2329","2","3","-1","25031740","0.606329","2.209781"
"2329","2","3","0","25049134","0.603422","2.210834"
"2329","2","3","1","25066528","0.600247","2.212305"
"2359","1","3","-1","24661256","0.666133","2.186148"
"2359","1","3","0","24714362","0.65899","2.18895"
"2359","1","3","1","24767468","0.650943","2.191705"
"2359","2","3","-1","24939252","0.62224","2.203438"
"2359","2","3","0","24956644","0.619302","2.204533"
"2359","2","3","1","24974038","0.616199","2.205813"
"2362","1","3","-1","24674766","0.664546","2.186512"
"2362","1","3","0","24727872","0.657134","2.189628"
"2362","1","3","1","24780980","0.648778","2.193516"
"2362","2","3","-1","24919880","0.625529","2.202098"
"2362","2","3","0","24937272","0.622482","2.203094"
"2362","2","3","1","24954666","0.619321","2.204563"
"2389","1","3","-1","24654218","0.667113","2.185836"
"2389","1","3","0","24707324","0.659935","2.188668"
"2389","1","3","1","24760432","0.652022","2.191325"
"2389","2","3","-1","24921186","0.625179","2.201867"
"2389","2","3","0","24938580","0.622338","2.203383"
"2389","2","3","1","24955972","0.619373","2.204469"
"2410","1","3","-1","24668900","0.665183","2.186746"
"2410","1","3","0","24722006","0.65792","2.189362"
"2410","1","3","1","24775112","0.649842","2.191993"
"2410","2","3","-1","24928204","0.624012","2.202298"
"2410","2","3","0","24945596","0.62113","2.203833"
"2410","2","3","1","24962990","0.618091","2.204933"
"2419","1","3","-1","24675604","0.6643","2.187527"
"2419","1","3","0","24728712","0.656812","2.190717"
"2419","1","3","1","24781818","0.648477","2.193234"
"2419","2","3","-1","24913634","0.62637","2.200638"
"2419","2","3","0","24931028","0.62348","2.201715"
"2419","2","3","1","24948420","0.620574","2.203854"
"2423","1","3","-1","24653828","0.667392","2.185893"
"2423","1","3","0","24706934","0.659894","2.189589"
"2423","1","3","1","24760040","0.652067","2.191839"
"2423","2","3","-1","24898284","0.629011","2.199651"
"2423","2","3","0","24915676","0.626085","2.200753"
"2423","2","3","1","24933068","0.623181","2.203016"
"2436","1","3","-1","24667196","0.665416","2.186642"
"2436","1","3","0","24720304","0.658222","2.189257"
"2436","1","3","1","24773410","0.650047","2.192018"
"2436","2","3","-1","24899556","0.628991","2.20043"
"2436","2","3","0","24916950","0.626019","2.201848"
"2436","2","3","1","24934344","0.623021","2.203093"
"2517","1","3","-1","24669760","0.664974","2.186571"
"2517","1","3","0","24722868","0.657751","2.189513"
"2517","1","3","1","24775974","0.649531","2.192191"
"2517","2","3","-1","25011520","0.609846","2.208255"
"2517","2","3","0","25028912","0.606879","2.2095"
"2517","2","3","1","25046306","0.603877","2.210731"
"2520","1","3","-1","24672044","0.664878","2.186271"
"2520","1","3","0","24725150","0.657529","2.18945"
"2520","1","3","1","24778256","0.649169","2.193453"
"2520","2","3","-1","24994348","0.612765","2.20716"
"2520","2","3","0","25011742","0.609732","2.208343"
"2520","2","3","1","25029136","0.606602","2.209611"
"2527","1","3","-1","24656100","0.666875","2.186007"
"2527","1","3","0","24709206","0.65968","2.1887"
"2527","1","3","1","24762312","0.651791","2.19134"
"2527","2","3","-1","24951524","0.619977","2.203624"
"2527","2","3","0","24968916","0.617114","2.205482"
"2527","2","3","1","24986308","0.614151","2.206583"
"2536","1","3","-1","24686238","0.662998","2.188326"
"2536","1","3","0","24739344","0.655474","2.191272"
"2536","1","3","1","24792452","0.64685","2.194105"
"2536","2","3","-1","24963552","0.617815","2.205169"
"2536","2","3","0","24980944","0.614902","2.205464"
"2536","2","3","1","24998336","0.611952","2.206441"
"2539","1","3","-1","24672086","0.664828","2.187375"
"2539","1","3","0","24725192","0.657294","2.190577"
"2539","1","3","1","24778300","0.649139","2.192522"
"2539","2","3","-1","24974228","0.616162","2.204757"
"2539","2","3","0","24991620","0.613161","2.205974"
"2539","2","3","1","25009012","0.610323","2.208238"
"2542","1","3","-1","24655352","0.666997","2.186061"
"2542","1","3","0","24708458","0.659724","2.188788"
"2542","1","3","1","24761564","0.651881","2.191437"
"2542","2","3","-1","24972024","0.616454","2.204816"
"2542","2","3","0","24989418","0.613674","2.206954"
"2542","2","3","1","25006812","0.610634","2.208058"
