"sequence","sensor_id","tracker_points","frequency_hz","internal_se_hz","normalized_residual","template_gain","fit_valid","telemetry_timestamp_s","telemetry_utc","backend_rate_hz","frame_complete"
"47","1","5","21134942","4545.963379","3.9E-05","0.996894","True","2.2955558","2026-09-28T12:10:35.1213615Z","0","True"
"47","2","5","24652374","91555.125","0.008101","1.044123","True","2.2955558","2026-09-28T12:10:35.1213615Z","0","True"
"49","1","5","21123960","5222.507324","5.2E-05","1.002532","True","2.3600403","2026-09-28T12:10:35.1812217Z","0","True"
"49","2","5","24652374","70427.132812","0.004961","1.026326","True","2.3600403","2026-09-28T12:10:35.1812217Z","0","True"
"52","1","5","21130342","7146.334473","9.6E-05","1.005418","True","2.4208643","2026-09-28T12:10:35.2426645Z","0","True"
"52","2","5","24667724","30635.876953","0.000968","1.01065","True","2.4208643","2026-09-28T12:10:35.2426645Z","0","True"
"72","1","5","21102646","9108.665039","0.000156","1.003656","True","2.738917","2026-09-28T12:10:35.5595146Z","65.673233","True"
"72","2","5","24725014","27397.603516","0.000812","0.986649","True","2.738917","2026-09-28T12:10:35.5595146Z","65.673233","True"
"196","1","5","21134148","6663.500488","8.9E-05","0.973254","True","4.4538218","2026-09-28T12:10:37.2734816Z","70.227364","True"
"196","2","5","24709496","36704.304688","0.001372","1.017083","True","4.4538218","2026-09-28T12:10:37.2734816Z","70.227364","True"
"218","1","5","21118102","3888.316406","2.9E-05","1.002521","True","4.7702085","2026-09-28T12:10:37.5906140Z","72.701683","True"
"218","2","5","24695158","6998.619629","5.3E-05","0.990722","True","4.7702085","2026-09-28T12:10:37.5906140Z","72.701683","True"
"221","1","5","21123204","12409.000977","0.000299","0.988604","True","4.8332155","2026-09-28T12:10:37.6571198Z","72.701683","True"
"221","2","5","24658700","29986.712891","0.000913","1.018426","True","4.8332155","2026-09-28T12:10:37.6571198Z","72.701683","True"
"224","1","5","21111572","6479.328613","7.9E-05","1.005081","True","4.8972196","2026-09-28T12:10:37.7227595Z","72.701683","True"
"224","2","5","24733534","28455.125","0.000864","0.993922","True","4.8972196","2026-09-28T12:10:37.7227595Z","72.701683","True"
"259","1","5","21134542","7432.477539","0.000111","0.971015","True","5.4049869","2026-09-28T12:10:38.2261499Z","72.701683","True"
"259","2","5","24701188","36427.6875","0.001359","1.01431","True","5.4049869","2026-09-28T12:10:38.2261499Z","72.701683","True"
"340","1","5","21094274","9008.338867","0.000153","1.00396","True","6.610212","2026-09-28T12:10:39.4308771Z","66.295029","True"
"340","2","5","24724264","33228.289062","0.001172","0.996175","True","6.610212","2026-09-28T12:10:39.4308771Z","66.295029","True"
"398","1","5","21132334","11065.944336","0.000249","0.966397","True","7.4342933","2026-09-28T12:10:40.2571800Z","63.361923","True"
"398","2","5","24692846","32286.058594","0.001081","1.008031","True","7.4342933","2026-09-28T12:10:40.2571800Z","63.361923","True"
"403","1","5","21129994","10458.338867","0.000206","1.004848","True","7.5618023","2026-09-28T12:10:40.3876149Z","63.361923","True"
"403","2","5","24676964","33636.277344","0.001177","1.006356","True","7.5618023","2026-09-28T12:10:40.3876149Z","63.361923","True"
"429","1","5","21096382","10048.080078","0.000203","0.971161","True","7.9421787","2026-09-28T12:10:40.7663678Z","68.373474","True"
"429","2","5","24696996","33620.71875","0.00117","1.008972","True","7.9421787","2026-09-28T12:10:40.7663678Z","68.373474","True"
"510","1","5","21152296","14510.405273","0.000404","0.995214","True","9.2722582","2026-09-28T12:10:42.0925888Z","70.677071","True"
"510","2","5","24717640","34747.023438","0.001226","1.018623","True","9.2722582","2026-09-28T12:10:42.0925888Z","70.677071","True"
"604","1","5","21131232","10493.954102","0.000223","0.968023","True","10.5437112","2026-09-28T12:10:43.3631717Z","59.315277","True"
"604","2","5","24694956","30658.201172","0.00097","1.01064","True","10.5437112","2026-09-28T12:10:43.3631717Z","59.315277","True"
"660","1","5","21131652","9932.740234","0.0002","0.967944","True","11.3680301","2026-09-28T12:10:44.1901595Z","70.421028","True"
"660","2","5","24697654","29213.076172","0.000882","1.009781","True","11.3680301","2026-09-28T12:10:44.1901595Z","70.421028","True"
"672","1","5","21137312","6255.996582","7.9E-05","0.968602","True","11.5590158","2026-09-28T12:10:44.3824659Z","70.421028","True"
"672","2","5","24706588","35792.226562","0.001314","1.01363","True","11.5590158","2026-09-28T12:10:44.3824659Z","70.421028","True"
"687","1","5","21100210","6107.353027","7.1E-05","0.999824","True","11.8113686","2026-09-28T12:10:44.6372570Z","68.134087","True"
"687","2","5","24700466","32849.011719","0.001151","0.99375","True","11.8113686","2026-09-28T12:10:44.6372570Z","68.134087","True"
"691","1","5","21133078","4812.88623","4.5E-05","0.988834","True","11.8761766","2026-09-28T12:10:44.6958809Z","68.134087","True"
"691","2","5","24688922","30947.822266","0.000962","1.024329","True","11.8761766","2026-09-28T12:10:44.6958809Z","68.134087","True"
"696","1","5","21159244","18090.238281","0.000593","1.024079","True","12.0028135","2026-09-28T12:10:44.8239637Z","68.134087","True"
"696","2","5","24682628","27335.472656","0.000788","0.999505","True","12.0028135","2026-09-28T12:10:44.8239637Z","68.134087","True"
"697","1","5","21159244","10174.40918","0.000189","1.019232","True","12.0656518","2026-09-28T12:10:44.8908507Z","68.134087","True"
"697","2","5","24654486","19919.0625","0.000404","1.017772","True","12.0656518","2026-09-28T12:10:44.8908507Z","68.134087","True"
"699","1","5","21108874","6086.13916","7E-05","1.002618","True","12.1298288","2026-09-28T12:10:44.9555444Z","68.134087","True"
"699","2","5","24654486","25704.753906","0.000674","1.016219","True","12.1298288","2026-09-28T12:10:44.9555444Z","68.134087","True"
"838","1","5","21099080","9366.917969","0.000166","1.001809","True","14.1590298","2026-09-28T12:10:46.9797403Z","66.259827","True"
"838","2","5","24708052","23236.162109","0.00058","0.990102","True","14.1590298","2026-09-28T12:10:46.9797403Z","66.259827","True"
"866","1","5","21098280","8883.907227","0.000158","0.975221","True","14.5399311","2026-09-28T12:10:47.3599288Z","66.259827","True"
"866","2","5","24711496","36663.214844","0.00135","1.024089","True","14.5399311","2026-09-28T12:10:47.3599288Z","66.259827","True"
"939","1","5","21115104","5239.40625","5.2E-05","1.005684","True","15.5555092","2026-09-28T12:10:48.3770749Z","72.10141","True"
"939","2","5","24684240","31549.287109","0.001048","1.000421","True","15.5555092","2026-09-28T12:10:48.3770749Z","72.10141","True"
"962","1","5","21135002","6575.320801","8.4E-05","0.986281","True","15.9365795","2026-09-28T12:10:48.7568332Z","68.564629","True"
"962","2","5","24695544","32508.902344","0.001062","1.023966","True","15.9365795","2026-09-28T12:10:48.7568332Z","68.564629","True"
"1006","1","5","21104446","8245.543945","0.000128","1.003028","True","16.6336767","2026-09-28T12:10:49.4586800Z","68.564629","True"
"1006","2","5","24692574","28523.224609","0.000874","0.990248","True","16.6336767","2026-09-28T12:10:49.4586800Z","68.564629","True"
"1063","1","5","21098496","11238.890625","0.000239","1.001313","True","17.6492884","2026-09-28T12:10:50.4736578Z","64.209633","True"
"1063","2","5","24685594","25657.388672","0.000707","0.990757","True","17.6492884","2026-09-28T12:10:50.4736578Z","64.209633","True"
"1103","1","5","21113332","3625.552979","2.5E-05","1.00338","True","18.2177151","2026-09-28T12:10:51.0433959Z","54.772114","True"
"1103","2","5","24686940","13344.369141","0.000189","0.995596","True","18.2177151","2026-09-28T12:10:51.0433959Z","54.772114","True"
"1192","1","5","21096220","9885.241211","0.000183","1.006869","True","19.4307994","2026-09-28T12:10:52.2560683Z","72.846008","True"
"1192","2","5","24712282","36084.464844","0.001374","0.999249","True","19.4307994","2026-09-28T12:10:52.2560683Z","72.846008","True"
"1222","1","5","21101050","6881.969727","8.9E-05","1.006173","True","19.8701391","2026-09-28T12:10:52.6916623Z","72.775871","True"
"1222","2","5","24703668","28388.212891","0.00086","0.993558","True","19.8701391","2026-09-28T12:10:52.6916623Z","72.775871","True"
"1275","1","5","21122616","7405.547363","0.000103","1.006651","True","20.6318459","2026-09-28T12:10:53.4573418Z","72.775871","True"
"1275","2","5","24725506","29137.878906","0.000909","0.992238","True","20.6318459","2026-09-28T12:10:53.4573418Z","72.775871","True"
"1283","1","5","21103172","7587.59082","0.000118","0.963106","True","20.7605817","2026-09-28T12:10:53.5796159Z","72.775871","True"
"1283","2","5","24691340","32368.447266","0.00108","1.010797","True","20.7605817","2026-09-28T12:10:53.5796159Z","72.775871","True"
"1349","1","5","21095202","11833.920898","0.00028","0.975426","True","21.7454969","2026-09-28T12:10:54.5713411Z","0","True"
"1349","2","5","24711264","35820.96875","0.001292","1.022881","True","21.7454969","2026-09-28T12:10:54.5713411Z","0","True"
"1354","1","3","21131338","2855.561523","2.8E-05","0.947658","True","21.8369859","2026-09-28T12:10:54.6573993Z","0","True"
"1354","2","3","24669864","43431.820312","0.001165","1.044818","True","21.8369859","2026-09-28T12:10:54.6573993Z","0","True"
"1395","1","3","21114290","16217.761719","0.00078","1.01243","True","22.4052043","2026-09-28T12:10:55.2299821Z","0","True"
"1395","2","3","24704758","15400.126953","0.000151","1.004581","True","22.4052043","2026-09-28T12:10:55.2299821Z","0","True"
"1415","1","3","21120688","7689.166992","0.000172","1.020898","True","22.6592308","2026-09-28T12:10:55.4790912Z","0","True"
"1415","2","3","24700494","16918.654297","0.00018","1.012526","True","22.6592308","2026-09-28T12:10:55.4790912Z","0","True"
"1442","1","3","21121444","7899.726074","0.000192","0.993652","True","22.9760017","2026-09-28T12:10:55.7960980Z","73.53672","True"
"1442","2","3","24646870","30016.634766","0.000574","1.024237","True","22.9760017","2026-09-28T12:10:55.7960980Z","73.53672","True"
"1446","1","3","21134908","10374.463867","0.000351","0.963153","True","23.0384366","2026-09-28T12:10:55.8596738Z","73.53672","True"
"1446","2","3","24659000","13713.459961","0.000118","1.038551","True","23.0384366","2026-09-28T12:10:55.8596738Z","73.53672","True"
"1449","1","3","21115146","5500.30957","8.9E-05","1.018273","True","23.1025571","2026-09-28T12:10:55.9246617Z","73.53672","True"
"1449","2","3","24651326","26352.425781","0.00043","1.041314","True","23.1025571","2026-09-28T12:10:55.9246617Z","73.53672","True"
"1475","1","3","21127022","10035.24707","0.000346","0.939658","True","23.3545711","2026-09-28T12:10:56.1758748Z","73.53672","True"
"1475","2","3","24656480","31223.818359","0.000581","1.069554","True","23.3545711","2026-09-28T12:10:56.1758748Z","73.53672","True"
"1479","1","3","21117174","2916.986816","2.5E-05","1.025294","True","23.4172502","2026-09-28T12:10:56.2410437Z","73.53672","True"
"1479","2","3","24721648","14023.158203","0.00012","1.013802","True","23.4172502","2026-09-28T12:10:56.2410437Z","73.53672","True"
"1482","1","3","21125906","6433.322266","0.000137","0.959182","True","23.4817487","2026-09-28T12:10:56.3075330Z","73.53672","True"
"1482","2","3","24651930","62052.363281","0.00231","1.062855","True","23.4817487","2026-09-28T12:10:56.3075330Z","73.53672","True"
"1510","1","3","21132506","16606.21875","0.000947","0.938942","True","23.8603649","2026-09-28T12:10:56.6855601Z","80.516823","True"
"1510","2","3","24661782","41551.671875","0.001052","1.056697","True","23.8603649","2026-09-28T12:10:56.6855601Z","80.516823","True"
"1514","1","3","21111998","15713.5625","0.000716","1.023705","True","23.9230305","2026-09-28T12:10:56.7442020Z","80.516823","True"
"1514","2","3","24700954","3332.817627","7E-06","1.013146","True","23.9230305","2026-09-28T12:10:56.7442020Z","80.516823","True"
"1533","1","3","21118906","9882.894531","0.000307","0.983893","True","24.2429156","2026-09-28T12:10:57.0611979Z","80.516823","True"
"1533","2","3","24648538","23005.722656","0.000344","1.012365","True","24.2429156","2026-09-28T12:10:57.0611979Z","80.516823","True"
"1536","1","3","21132298","14814.561523","0.000721","0.959881","True","24.303814","2026-09-28T12:10:57.1237895Z","80.516823","True"
"1536","2","3","24723372","16952.638672","0.000177","1.017939","True","24.303814","2026-09-28T12:10:57.1237895Z","80.516823","True"
"1540","1","3","21116052","12866.78125","0.000492","1.011514","True","24.3665993","2026-09-28T12:10:57.1902707Z","80.516823","True"
"1540","2","3","24712502","11733.003906","8.6E-05","1.007393","True","24.3665993","2026-09-28T12:10:57.1902707Z","80.516823","True"
"1543","1","3","21127724","6118.971191","0.000116","0.988526","True","24.4290428","2026-09-28T12:10:57.2545718Z","80.516823","True"
"1543","2","3","24637028","10498.291992","6.9E-05","1.032943","True","24.4290428","2026-09-28T12:10:57.2545718Z","80.516823","True"
"1554","1","3","21123290","3673.38501","4E-05","1.014036","True","24.5576949","2026-09-28T12:10:57.3777514Z","80.516823","True"
"1554","2","3","24716444","14558.395508","0.000132","1.006964","True","24.5576949","2026-09-28T12:10:57.3777514Z","80.516823","True"
"1557","1","3","21127338","11014.138672","0.000417","0.940199","True","24.6201944","2026-09-28T12:10:57.4411292Z","80.516823","True"
"1557","2","3","24656320","33472.171875","0.000672","1.067094","True","24.6201944","2026-09-28T12:10:57.4411292Z","80.516823","True"
"1580","1","3","21111666","11152.078125","0.000371","1.009044","True","24.8721835","2026-09-28T12:10:57.6948473Z","68.738968","True"
"1580","2","3","24701154","18221.521484","0.000211","1.004257","True","24.8721835","2026-09-28T12:10:57.6948473Z","68.738968","True"
"1598","1","3","21114466","16796.205078","0.000855","1.001593","True","25.0634712","2026-09-28T12:10:57.8891822Z","68.738968","True"
"1598","2","3","24715090","19833.890625","0.000245","1.006797","True","25.0634712","2026-09-28T12:10:57.8891822Z","68.738968","True"
"1601","1","3","21124312","11306.915039","0.000379","1.012515","True","25.1260443","2026-09-28T12:10:57.9467139Z","68.738968","True"
"1601","2","3","24640896","17999.972656","0.000196","1.057165","True","25.1260443","2026-09-28T12:10:57.9467139Z","68.738968","True"
"1640","1","3","21120118","5252.165527","8.7E-05","0.983357","True","25.696758","2026-09-28T12:10:58.5225251Z","68.738968","True"
"1640","2","3","24627342","10247.688477","6.4E-05","1.047148","True","25.696758","2026-09-28T12:10:58.5225251Z","68.738968","True"
"1643","1","3","21132280","7767.845703","0.000209","0.936071","True","25.7588067","2026-09-28T12:10:58.5799267Z","68.738968","True"
"1643","2","3","24737994","20130.251953","0.000237","1.041584","True","25.7588067","2026-09-28T12:10:58.5799267Z","68.738968","True"
"1656","1","3","21112710","9294.914062","0.000249","1.027852","True","25.9490663","2026-09-28T12:10:58.7738813Z","71.096634","True"
"1656","2","3","24716936","11790.657227","8.6E-05","1.008929","True","25.9490663","2026-09-28T12:10:58.7738813Z","71.096634","True"
"1659","1","3","21125260","1415.48999","6E-06","1.000452","True","26.0128707","2026-09-28T12:10:58.8388739Z","71.096634","True"
"1659","2","3","24638904","39738.382812","0.000958","1.054395","True","26.0128707","2026-09-28T12:10:58.8388739Z","71.096634","True"
"1680","1","3","21119672","9192.759766","0.000251","1.010285","True","26.2022068","2026-09-28T12:10:59.0261549Z","71.096634","True"
"1680","2","3","24716118","12214.820312","9.1E-05","1.014223","True","26.2022068","2026-09-28T12:10:59.0261549Z","71.096634","True"
"1731","1","3","21127348","14373.881836","0.000609","1.015423","True","26.8995122","2026-09-28T12:10:59.7239229Z","80.412941","True"
"1731","2","3","24654510","15294.681641","0.000145","1.040205","True","26.8995122","2026-09-28T12:10:59.7239229Z","80.412941","True"
"1734","1","3","21121312","1981.463623","1.2E-05","1.004176","True","26.9620684","2026-09-28T12:10:59.7876977Z","80.412941","True"
"1734","2","3","24618052","49195.070312","0.001467","1.054971","True","26.9620684","2026-09-28T12:10:59.7876977Z","80.412941","True"
"1738","1","3","21128536","6919.703125","0.000165","0.939297","True","27.0245238","2026-09-28T12:10:59.8445680Z","80.412941","True"
"1738","2","3","24663480","51835.234375","0.001629","1.055279","True","27.0245238","2026-09-28T12:10:59.8445680Z","80.412941","True"
"1756","1","3","21128092","1178.283081","5E-06","0.93763","True","27.2141801","2026-09-28T12:11:00.0403021Z","80.412941","True"
"1756","2","3","24671326","29338.884766","0.000524","1.052501","True","27.2141801","2026-09-28T12:11:00.0403021Z","80.412941","True"
"1759","1","3","21116498","5316.047363","8.3E-05","1.014913","True","27.2785861","2026-09-28T12:11:00.1041910Z","80.412941","True"
"1759","2","3","24708422","14028.416016","0.000123","1.007806","True","27.2785861","2026-09-28T12:11:00.1041910Z","80.412941","True"
"1762","1","3","21121054","7129.320801","0.00016","0.983768","True","27.3408528","2026-09-28T12:11:00.1610430Z","80.412941","True"
"1762","2","3","24640624","54731.28125","0.001805","1.0608","True","27.3408528","2026-09-28T12:11:00.1610430Z","80.412941","True"
"1784","1","3","21125348","17931.654297","0.00113","0.928711","True","27.5954515","2026-09-28T12:11:00.4210330Z","80.412941","True"
"1784","2","3","24654312","32320.259766","0.000635","1.060435","True","27.5954515","2026-09-28T12:11:00.4210330Z","80.412941","True"
"1824","1","3","21118458","14431.6875","0.000605","1.022718","True","28.1632291","2026-09-28T12:11:00.9892202Z","72.892067","True"
"1824","2","3","24713386","11250.436523","7.9E-05","1.008808","True","28.1632291","2026-09-28T12:11:00.9892202Z","72.892067","True"
"1834","1","3","21108680","19914.220703","0.001155","1.021814","True","28.2902417","2026-09-28T12:11:01.1110970Z","72.892067","True"
"1834","2","3","24712250","11235.024414","7.9E-05","1.005498","True","28.2902417","2026-09-28T12:11:01.1110970Z","72.892067","True"
"1837","1","3","21121784","6441.737305","0.000131","0.982788","True","28.3531151","2026-09-28T12:11:01.1778660Z","72.892067","True"
"1837","2","3","24636136","10751.616211","7.2E-05","1.034671","True","28.3531151","2026-09-28T12:11:01.1778660Z","72.892067","True"
"1855","1","3","21128772","8132.268066","0.000222","0.951986","True","28.6074635","2026-09-28T12:11:01.4281959Z","72.892067","True"
"1855","2","3","24751278","43780.019531","0.001089","1.047267","True","28.6074635","2026-09-28T12:11:01.4281959Z","72.892067","True"
"1858","1","3","21118298","8570.43457","0.000229","0.987678","True","28.6710958","2026-09-28T12:11:01.4911186Z","72.892067","True"
"1858","2","3","24636148","26538.525391","0.000428","1.052234","True","28.6710958","2026-09-28T12:11:01.4911186Z","72.892067","True"
"1889","1","3","21124608","9274.645508","0.000281","0.9648","True","29.177404","2026-09-28T12:11:01.9980108Z","67.15596","True"
"1889","2","3","24735634","32871.714844","0.000632","1.03488","True","29.177404","2026-09-28T12:11:01.9980108Z","67.15596","True"
"1892","1","3","21132256","5210.501953","8.7E-05","0.971479","True","29.239806","2026-09-28T12:11:02.0641074Z","67.15596","True"
"1892","2","3","24640972","26321.205078","0.000418","1.057269","True","29.239806","2026-09-28T12:11:02.0641074Z","67.15596","True"
"1914","1","3","21131434","14573.830078","0.000728","0.939996","True","29.5583399","2026-09-28T12:11:02.3791409Z","67.15596","True"
"1914","2","3","24733764","24351.291016","0.000348","1.042075","True","29.5583399","2026-09-28T12:11:02.3791409Z","67.15596","True"
"1940","1","3","21110558","16746.525391","0.00095","0.944922","True","29.809781","2026-09-28T12:11:02.6309278Z","67.15596","True"
"1940","2","3","24664376","17108.957031","0.000184","1.034154","True","29.809781","2026-09-28T12:11:02.6309278Z","67.15596","True"
"1948","1","3","21124598","8448.898438","0.000208","1.021524","True","29.9369754","2026-09-28T12:11:02.7624354Z","73.009537","True"
"1948","2","3","24716584","18915.679688","0.000224","1.005789","True","29.9369754","2026-09-28T12:11:02.7624354Z","73.009537","True"
"1963","1","3","21121938","6946.505371","0.000143","1.012215","True","30.1905752","2026-09-28T12:11:03.0103532Z","73.009537","True"
"1963","2","3","24647506","23314.371094","0.00033","1.052083","True","30.1905752","2026-09-28T12:11:03.0103532Z","73.009537","True"
"1986","1","3","21127686","6275.603516","0.000122","0.988939","True","30.5053072","2026-09-28T12:11:03.3261143Z","73.009537","True"
"1986","2","3","24711308","51344.03125","0.001713","0.985319","True","30.5053072","2026-09-28T12:11:03.3261143Z","73.009537","True"
"2000","1","3","21122420","8195.033203","0.000208","0.990712","True","30.6947389","2026-09-28T12:11:03.5206741Z","73.009537","True"
"2000","2","3","24642420","43634.449219","0.001243","1.00931","True","30.6947389","2026-09-28T12:11:03.5206741Z","73.009537","True"
"2003","1","3","21113290","11723.817383","0.000407","1.013627","True","30.7590381","2026-09-28T12:11:03.5785768Z","73.009537","True"
"2003","2","3","24703182","10020.644531","6.3E-05","1.014965","True","30.7590381","2026-09-28T12:11:03.5785768Z","73.009537","True"
"2006","1","3","21122140","1970.380371","1.2E-05","0.993536","True","30.8215516","2026-09-28T12:11:03.6450037Z","73.009537","True"
"2006","2","3","24639222","36742.414062","0.000873","1.015558","True","30.8215516","2026-09-28T12:11:03.6450037Z","73.009537","True"
"2025","1","3","21120188","5460.410645","9.4E-05","0.982986","True","31.0755295","2026-09-28T12:11:03.8958297Z","65.666939","True"
"2025","2","3","24625210","15240.067383","0.000142","1.048928","True","31.0755295","2026-09-28T12:11:03.8958297Z","65.666939","True"
"2028","1","3","21129260","5897.852051","0.000112","0.96816","True","31.1378946","2026-09-28T12:11:03.9581767Z","65.666939","True"
"2028","2","3","24736502","33878.789062","0.000677","1.030198","True","31.1378946","2026-09-28T12:11:03.9581767Z","65.666939","True"
"2046","1","3","21111230","7601.459473","0.000186","0.968169","True","31.3292987","2026-09-28T12:11:04.1552210Z","65.666939","True"
"2046","2","3","24703674","13782.30957","0.000121","1.008063","True","31.3292987","2026-09-28T12:11:04.1552210Z","65.666939","True"
"2083","1","3","21123252","8318.620117","0.000201","1.021756","True","31.7719109","2026-09-28T12:11:04.5978040Z","65.666939","True"
"2083","2","3","24720578","21559.525391","0.000285","1.012211","True","31.7719109","2026-09-28T12:11:04.5978040Z","65.666939","True"
"2095","1","3","21130508","8974.805664","0.000281","0.932846","True","31.9074356","2026-09-28T12:11:04.7283469Z","83.537231","True"
"2095","2","3","24664954","33741.042969","0.000691","1.058919","True","31.9074356","2026-09-28T12:11:04.7283469Z","83.537231","True"
"2105","1","3","21116728","5817.419922","9.8E-05","1.02472","True","32.0344347","2026-09-28T12:11:04.8568820Z","83.537231","True"
"2105","2","3","24709844","20891.619141","0.000275","1.004799","True","32.0344347","2026-09-28T12:11:04.8568820Z","83.537231","True"
"2160","1","3","21116808","12903.998047","0.000492","1.013895","True","32.6671492","2026-09-28T12:11:05.4918975Z","83.537231","True"
"2160","2","3","24710266","16243.501953","0.000164","1.010488","True","32.6671492","2026-09-28T12:11:05.4918975Z","83.537231","True"
"2163","1","3","21118622","12603.262695","0.000457","1.027117","True","32.730526","2026-09-28T12:11:05.5560903Z","83.537231","True"
"2163","2","3","24634792","21507.681641","0.000277","1.06355","True","32.730526","2026-09-28T12:11:05.5560903Z","83.537231","True"
"2166","1","3","21122346","2304.899658","1.7E-05","0.986722","True","32.7929543","2026-09-28T12:11:05.6186575Z","83.537231","True"
"2166","2","3","24749922","35830.289062","0.000741","1.030471","True","32.7929543","2026-09-28T12:11:05.6186575Z","83.537231","True"
"2170","1","3","21129196","13038.518555","0.000549","0.969337","True","32.8566558","2026-09-28T12:11:05.6759505Z","83.537231","True"
"2170","2","3","24663394","9737.427734","6E-05","1.028036","True","32.8566558","2026-09-28T12:11:05.6759505Z","83.537231","True"
"2257","1","3","21122016","6457.099609","0.000123","1.014336","True","33.9330059","2026-09-28T12:11:06.7569043Z","77.45932","True"
"2257","2","3","24647224","15486.068359","0.000146","1.050169","True","33.9330059","2026-09-28T12:11:06.7569043Z","77.45932","True"
"2260","1","3","21133866","10962.613281","0.000404","0.948158","True","33.995022","2026-09-28T12:11:06.8203511Z","80.936829","True"
"2260","2","3","24738048","39281.6875","0.000909","1.033664","True","33.995022","2026-09-28T12:11:06.8203511Z","80.936829","True"
"2275","1","3","21122550","5196.052734","8.4E-05","0.990812","True","34.2492764","2026-09-28T12:11:07.0749392Z","80.936829","True"
"2275","2","3","24625476","23416.792969","0.000341","1.038401","True","34.2492764","2026-09-28T12:11:07.0749392Z","80.936829","True"
"2278","1","3","21126360","6716.898926","0.000155","0.940567","True","34.3139292","2026-09-28T12:11:07.1399993Z","80.936829","True"
"2278","2","3","24737408","33097.207031","0.000639","1.045662","True","34.3139292","2026-09-28T12:11:07.1399993Z","80.936829","True"
"2332","1","3","21122180","6783.953613","0.000135","1.016716","True","35.0734978","2026-09-28T12:11:07.8946232Z","66.802505","True"
"2332","2","3","24624034","39964.324219","0.000925","1.081302","True","35.0734978","2026-09-28T12:11:07.8946232Z","66.802505","True"
"2335","1","3","21122748","918.18396","3E-06","0.987826","True","35.1380212","2026-09-28T12:11:07.9585042Z","66.802505","True"
"2335","2","3","24723812","12532.780273","9.7E-05","1.01323","True","35.1380212","2026-09-28T12:11:07.9585042Z","66.802505","True"
"2345","1","3","21119432","11991.615234","0.000437","1.000515","True","35.2655043","2026-09-28T12:11:08.0906308Z","66.802505","True"
"2345","2","3","24759456","60718.992188","0.002178","1.004493","True","35.2655043","2026-09-28T12:11:08.0906308Z","66.802505","True"
"2348","1","3","21134410","9991.238281","0.000316","0.978072","True","35.3274787","2026-09-28T12:11:08.1474616Z","66.802505","True"
"2348","2","3","24707008","21985.070312","0.000303","1.008215","True","35.3274787","2026-09-28T12:11:08.1474616Z","66.802505","True"
"2388","1","3","21113306","6143.151855","0.000112","1.010374","True","35.7098873","2026-09-28T12:11:08.5280546Z","66.802505","True"
"2388","2","3","24707096","13313.303711","0.000111","1.008562","True","35.7098873","2026-09-28T12:11:08.5280546Z","66.802505","True"
"2405","1","3","21118610","3893.722412","4.7E-05","0.994006","True","35.8985126","2026-09-28T12:11:08.7245373Z","66.802505","True"
"2405","2","3","24668954","21679.296875","0.000301","1.020182","True","35.8985126","2026-09-28T12:11:08.7245373Z","66.802505","True"
"2408","1","3","21110030","12079.160156","0.000489","0.94987","True","35.960223","2026-09-28T12:11:08.7861103Z","66.802505","True"
"2408","2","3","24653602","26448.097656","0.000424","1.057733","True","35.960223","2026-09-28T12:11:08.7861103Z","66.802505","True"
"2417","1","3","21122322","12016.980469","0.00042","1.021423","True","36.0871605","2026-09-28T12:11:08.9083458Z","81.554459","True"
"2417","2","3","24710478","25679.8125","0.000411","1.011839","True","36.0871605","2026-09-28T12:11:08.9083458Z","81.554459","True"
"2420","1","3","21118432","7967.096191","0.000195","0.994338","True","36.1497458","2026-09-28T12:11:08.9757301Z","81.554459","True"
"2420","2","3","24714954","25457.970703","0.000426","0.975389","True","36.1497458","2026-09-28T12:11:08.9757301Z","81.554459","True"
"2471","1","3","21112928","7385.20166","0.000161","1.013631","True","36.6587612","2026-09-28T12:11:09.4848175Z","81.554459","True"
"2471","2","3","24715304","13763.072266","0.000116","1.016663","True","36.6587612","2026-09-28T12:11:09.4848175Z","81.554459","True"
"2474","1","3","21123160","10228.985352","0.000348","0.956328","True","36.720086","2026-09-28T12:11:09.5412601Z","81.554459","True"
"2474","2","3","24646228","61661.679688","0.002252","1.073426","True","36.720086","2026-09-28T12:11:09.5412601Z","81.554459","True"
"2515","1","3","21131040","14450.405273","0.000726","0.933086","True","37.2902638","2026-09-28T12:11:10.1097608Z","84.038879","True"
"2515","2","3","24660664","32416.433594","0.000641","1.055616","True","37.2902638","2026-09-28T12:11:10.1097608Z","84.038879","True"
"2551","1","3","21130484","13838.72168","0.000644","0.948954","True","37.669202","2026-09-28T12:11:10.4901456Z","84.038879","True"
"2551","2","3","24740822","26682.833984","0.000417","1.035166","True","37.669202","2026-09-28T12:11:10.4901456Z","84.038879","True"
"2556","1","3","21132838","1147.316162","5E-06","0.937135","True","37.7319521","2026-09-28T12:11:10.5569612Z","84.038879","True"
"2556","2","3","24662074","28526.152344","0.000494","1.060472","True","37.7319521","2026-09-28T12:11:10.5569612Z","84.038879","True"
"2599","1","3","21124604","6847.187988","0.000147","0.985417","True","38.2375868","2026-09-28T12:11:11.0587942Z","87.325623","True"
"2599","2","3","24642108","15953.254883","0.000162","1.023515","True","38.2375868","2026-09-28T12:11:11.0587942Z","87.325623","True"
"2602","1","3","21131324","15942.117188","0.000836","0.959142","True","38.3001028","2026-09-28T12:11:11.1245950Z","87.325623","True"
"2602","2","3","24734850","20800.984375","0.000261","1.01578","True","38.3001028","2026-09-28T12:11:11.1245950Z","87.325623","True"
"2607","1","3","21130078","10890.874023","0.000407","0.938784","True","38.3627634","2026-09-28T12:11:11.1888727Z","87.325623","True"
"2607","2","3","24664052","28119.839844","0.000479","1.058314","True","38.3627634","2026-09-28T12:11:11.1888727Z","87.325623","True"
"2620","1","3","21120962","5102.709473","8.1E-05","0.990501","True","38.4895116","2026-09-28T12:11:11.3103400Z","87.325623","True"
"2620","2","3","24683008","14960.558594","0.000151","0.97825","True","38.4895116","2026-09-28T12:11:11.3103400Z","87.325623","True"
"2623","1","3","21125024","10896.479492","0.000407","0.941143","True","38.5524834","2026-09-28T12:11:11.3742019Z","87.325623","True"
"2623","2","3","24727140","28639.628906","0.000489","1.038818","True","38.5524834","2026-09-28T12:11:11.3742019Z","87.325623","True"
"2636","1","3","21116540","3471.77417","3.5E-05","1.021765","True","38.6803097","2026-09-28T12:11:11.5057928Z","87.325623","True"
"2636","2","3","24713338","13617.723633","0.000115","1.012398","True","38.6803097","2026-09-28T12:11:11.5057928Z","87.325623","True"
"2639","1","3","21124014","5327.052734","8.8E-05","0.990843","True","38.7419771","2026-09-28T12:11:11.5674937Z","87.325623","True"
"2639","2","3","24660250","41325.488281","0.001057","1.041381","True","38.7419771","2026-09-28T12:11:11.5674937Z","87.325623","True"
"2645","1","3","21118848","2307.293945","1.6E-05","1.019326","True","38.8060147","2026-09-28T12:11:11.6269348Z","87.325623","True"
"2645","2","3","24718130","20127.240234","0.00025","1.012007","True","38.8060147","2026-09-28T12:11:11.6269348Z","87.325623","True"
"2672","1","3","21108622","17184.757812","0.001008","0.940759","True","39.1848407","2026-09-28T12:11:12.0088516Z","76.515663","True"
"2672","2","3","24660748","31136.007812","0.000591","1.054752","True","39.1848407","2026-09-28T12:11:12.0088516Z","76.515663","True"
"2711","1","3","21121636","4711.214355","7E-05","0.98122","True","39.754357","2026-09-28T12:11:12.5797321Z","76.515663","True"
"2711","2","3","24706838","19067.427734","0.000231","1.002273","True","39.754357","2026-09-28T12:11:12.5797321Z","76.515663","True"
"2714","1","3","21121044","3858.281006","4.3E-05","1.024476","True","39.8178821","2026-09-28T12:11:12.6401231Z","76.515663","True"
"2714","2","3","24624328","46726.730469","0.001257","1.083318","True","39.8178821","2026-09-28T12:11:12.6401231Z","76.515663","True"
"2718","1","3","21127724","1820.740479","1E-05","0.98089","True","39.8803912","2026-09-28T12:11:12.7059026Z","76.515663","True"
"2718","2","3","24693156","44935.972656","0.001322","0.992774","True","39.8803912","2026-09-28T12:11:12.7059026Z","76.515663","True"
"2721","1","3","21121316","7603.601074","0.000182","0.982669","True","39.9426903","2026-09-28T12:11:12.7644693Z","76.515663","True"
"2721","2","3","24773106","59743.984375","0.001949","1.054625","True","39.9426903","2026-09-28T12:11:12.7644693Z","76.515663","True"
"2763","1","3","21112550","10706.069336","0.000345","1.005238","True","40.4486083","2026-09-28T12:11:13.2735975Z","69.641624","True"
"2763","2","3","24703530","19393.574219","0.000238","1.005597","True","40.4486083","2026-09-28T12:11:13.2735975Z","69.641624","True"
"2777","1","3","21123430","8948.708008","0.000251","0.984746","True","40.6383934","2026-09-28T12:11:13.4594274Z","69.641624","True"
"2777","2","3","24704238","13406.789062","0.000115","0.999573","True","40.6383934","2026-09-28T12:11:13.4594274Z","69.641624","True"
"2780","1","3","21116534","5735.309082","0.0001","0.998288","True","40.7026064","2026-09-28T12:11:13.5240061Z","69.641624","True"
"2780","2","3","24651150","28930.347656","0.000541","1.014483","True","40.7026064","2026-09-28T12:11:13.5240061Z","69.641624","True"
"2785","1","3","21112938","7189.081055","0.000175","0.945601","True","40.7669919","2026-09-28T12:11:13.5900657Z","69.641624","True"
"2785","2","3","24663872","45302.710938","0.001254","1.052188","True","40.7669919","2026-09-28T12:11:13.5900657Z","69.641624","True"
"2788","1","3","21119212","4462.822266","5.9E-05","1.014686","True","40.8329155","2026-09-28T12:11:13.6581485Z","69.641624","True"
"2788","2","3","24709284","19526.230469","0.000239","1.008435","True","40.8329155","2026-09-28T12:11:13.6581485Z","69.641624","True"
"2791","1","3","21119528","7853.604004","0.00019","0.994025","True","40.8920223","2026-09-28T12:11:13.7140442Z","69.641624","True"
"2791","2","3","24727834","23327.710938","0.000348","0.981176","True","40.8920223","2026-09-28T12:11:13.7140442Z","69.641624","True"
"2814","1","3","21125904","15222.330078","0.000796","0.939549","True","41.2088801","2026-09-28T12:11:14.0337699Z","72.640656","True"
"2814","2","3","24733008","30558.349609","0.000549","1.041748","True","41.2088801","2026-09-28T12:11:14.0337699Z","72.640656","True"
"2818","1","3","21125152","4718.240234","7.1E-05","0.973091","True","41.2728985","2026-09-28T12:11:14.0920543Z","72.640656","True"
"2818","2","3","24701366","14551.243164","0.000136","1.001297","True","41.2728985","2026-09-28T12:11:14.0920543Z","72.640656","True"
"2858","1","3","21118710","5105.752441","7.7E-05","1.014961","True","41.8412246","2026-09-28T12:11:14.6634066Z","0","True"
"2858","2","3","24689554","5599.161621","2E-05","1.016599","True","41.8412246","2026-09-28T12:11:14.6634066Z","0","True"
